2012-10-21T18:30:00.000000000Z, 1.60042, 1.60106, 1.60042, 1.60106, 0, 0
2012-10-21T19:00:00.000000000Z, 1.60106, 1.60110, 1.60106, 1.60110, 0, 0
2012-10-21T19:30:00.000000000Z, 1.60114, 1.60129, 1.60092, 1.60129, 0, 0
2012-10-21T20:00:00.000000000Z, 1.60123, 1.60132, 1.60123, 1.60132, 0, 0
2012-10-21T20:30:00.000000000Z, 1.60136, 1.60150, 1.60114, 1.60120, 0, 0
2012-10-21T21:00:00.000000000Z, 1.60116, 1.60144, 1.60116, 1.60116, 0, 0
2012-10-21T21:30:00.000000000Z, 1.60118, 1.60120, 1.60084, 1.60100, 0, 0
2012-10-21T22:00:00.000000000Z, 1.60096, 1.60096, 1.59928, 1.59928, 0, 0
2012-10-21T22:30:00.000000000Z, 1.59934, 1.60020, 1.59932, 1.60020, 0, 0
2012-10-21T23:00:00.000000000Z, 1.60024, 1.60038, 1.60004, 1.60007, 0, 0
2012-10-21T23:30:00.000000000Z, 1.60011, 1.60038, 1.59909, 1.59976, 0, 0
2012-10-22T00:00:00.000000000Z, 1.59980, 1.60062, 1.59980, 1.60048, 0, 0
2012-10-22T00:30:00.000000000Z, 1.60052, 1.60110, 1.60048, 1.60096, 0, 0
2012-10-22T01:00:00.000000000Z, 1.60098, 1.60138, 1.60088, 1.60132, 0, 0
2012-10-22T01:30:00.000000000Z, 1.60128, 1.60128, 1.60068, 1.60102, 0, 0
2012-10-22T02:00:00.000000000Z, 1.60098, 1.60146, 1.60092, 1.60146, 0, 0
2012-10-22T02:30:00.000000000Z, 1.60142, 1.60196, 1.60142, 1.60192, 0, 0
2012-10-22T03:00:00.000000000Z, 1.60196, 1.60206, 1.60150, 1.60170, 0, 0
2012-10-22T03:30:00.000000000Z, 1.60166, 1.60188, 1.60138, 1.60138, 0, 0
2012-10-22T04:00:00.000000000Z, 1.60142, 1.60246, 1.60142, 1.60188, 0, 0
2012-10-22T04:30:00.000000000Z, 1.60192, 1.60308, 1.60186, 1.60292, 0, 0
2012-10-22T05:00:00.000000000Z, 1.60296, 1.60328, 1.60276, 1.60284, 0, 0
2012-10-22T05:30:00.000000000Z, 1.60280, 1.60348, 1.60262, 1.60342, 0, 0
2012-10-22T06:00:00.000000000Z, 1.60338, 1.60414, 1.60334, 1.60338, 0, 0
2012-10-22T06:30:00.000000000Z, 1.60334, 1.60386, 1.60326, 1.60372, 0, 0
2012-10-22T07:00:00.000000000Z, 1.60368, 1.60368, 1.60278, 1.60308, 0, 0
2012-10-22T07:30:00.000000000Z, 1.60304, 1.60376, 1.60276, 1.60356, 0, 0
2012-10-22T08:00:00.000000000Z, 1.60352, 1.60354, 1.60266, 1.60354, 0, 0
2012-10-22T08:30:00.000000000Z, 1.60350, 1.60484, 1.60282, 1.60464, 0, 0
2012-10-22T09:00:00.000000000Z, 1.60462, 1.60516, 1.60428, 1.60474, 0, 0
2012-10-22T09:30:00.000000000Z, 1.60470, 1.60484, 1.60398, 1.60434, 0, 0
2012-10-22T10:00:00.000000000Z, 1.60438, 1.60524, 1.60398, 1.60466, 0, 0
2012-10-22T10:30:00.000000000Z, 1.60470, 1.60482, 1.60332, 1.60428, 0, 0
2012-10-22T11:00:00.000000000Z, 1.60432, 1.60502, 1.60424, 1.60468, 0, 0
2012-10-22T11:30:00.000000000Z, 1.60472, 1.60512, 1.60356, 1.60372, 0, 0
2012-10-22T12:00:00.000000000Z, 1.60368, 1.60422, 1.60348, 1.60394, 0, 0
2012-10-22T12:30:00.000000000Z, 1.60390, 1.60396, 1.60306, 1.60332, 0, 0
2012-10-22T13:00:00.000000000Z, 1.60336, 1.60364, 1.60284, 1.60354, 0, 0
2012-10-22T13:30:00.000000000Z, 1.60350, 1.60420, 1.60326, 1.60368, 0, 0
2012-10-22T14:00:00.000000000Z, 1.60372, 1.60414, 1.60168, 1.60284, 0, 0
2012-10-22T14:30:00.000000000Z, 1.60288, 1.60394, 1.60240, 1.60336, 0, 0
2012-10-22T15:00:00.000000000Z, 1.60340, 1.60346, 1.60210, 1.60230, 0, 0
2012-10-22T15:30:00.000000000Z, 1.60234, 1.60316, 1.60224, 1.60272, 0, 0
2012-10-22T16:00:00.000000000Z, 1.60268, 1.60268, 1.60104, 1.60126, 0, 0
2012-10-22T16:30:00.000000000Z, 1.60130, 1.60158, 1.60108, 1.60118, 0, 0
2012-10-22T17:00:00.000000000Z, 1.60122, 1.60136, 1.60064, 1.60072, 0, 0
2012-10-22T17:30:00.000000000Z, 1.60076, 1.60126, 1.60028, 1.60076, 0, 0
2012-10-22T18:00:00.000000000Z, 1.60078, 1.60142, 1.60068, 1.60102, 0, 0
2012-10-22T18:30:00.000000000Z, 1.60106, 1.60138, 1.60044, 1.60058, 0, 0
2012-10-22T19:00:00.000000000Z, 1.60062, 1.60096, 1.59988, 1.60088, 0, 0
2012-10-22T19:30:00.000000000Z, 1.60092, 1.60100, 1.60028, 1.60092, 0, 0
2012-10-22T20:00:00.000000000Z, 1.60096, 1.60112, 1.60062, 1.60098, 0, 0
2012-10-22T20:30:00.000000000Z, 1.60102, 1.60170, 1.60096, 1.60150, 0, 0
2012-10-22T21:00:00.000000000Z, 1.60156, 1.60173, 1.60094, 1.60162, 0, 0
2012-10-22T21:30:00.000000000Z, 1.60158, 1.60175, 1.60134, 1.60134, 0, 0
2012-10-22T22:00:00.000000000Z, 1.60130, 1.60146, 1.60102, 1.60116, 0, 0
2012-10-22T22:30:00.000000000Z, 1.60120, 1.60170, 1.60120, 1.60170, 0, 0
2012-10-22T23:00:00.000000000Z, 1.60170, 1.60192, 1.60164, 1.60190, 0, 0
2012-10-22T23:30:00.000000000Z, 1.60186, 1.60242, 1.60186, 1.60210, 0, 0
2012-10-23T00:00:00.000000000Z, 1.60206, 1.60224, 1.60178, 1.60178, 0, 0
2012-10-23T00:30:00.000000000Z, 1.60174, 1.60180, 1.60146, 1.60162, 0, 0
2012-10-23T01:00:00.000000000Z, 1.60166, 1.60208, 1.60098, 1.60132, 0, 0
2012-10-23T01:30:00.000000000Z, 1.60128, 1.60164, 1.60106, 1.60110, 0, 0
2012-10-23T02:00:00.000000000Z, 1.60112, 1.60132, 1.60098, 1.60102, 0, 0
2012-10-23T02:30:00.000000000Z, 1.60106, 1.60142, 1.60080, 1.60132, 0, 0
2012-10-23T03:00:00.000000000Z, 1.60128, 1.60152, 1.60110, 1.60150, 0, 0
2012-10-23T03:30:00.000000000Z, 1.60146, 1.60152, 1.60116, 1.60116, 0, 0
2012-10-23T04:00:00.000000000Z, 1.60112, 1.60128, 1.60106, 1.60112, 0, 0
2012-10-23T04:30:00.000000000Z, 1.60116, 1.60158, 1.60116, 1.60144, 0, 0
2012-10-23T05:00:00.000000000Z, 1.60146, 1.60146, 1.60104, 1.60104, 0, 0
2012-10-23T05:30:00.000000000Z, 1.60108, 1.60132, 1.60108, 1.60116, 0, 0
2012-10-23T06:00:00.000000000Z, 1.60118, 1.60146, 1.60104, 1.60140, 0, 0
2012-10-23T06:30:00.000000000Z, 1.60136, 1.60146, 1.60052, 1.60130, 0, 0
2012-10-23T07:00:00.000000000Z, 1.60126, 1.60158, 1.60030, 1.60052, 0, 0
2012-10-23T07:30:00.000000000Z, 1.60048, 1.60066, 1.59966, 1.60022, 0, 0
2012-10-23T08:00:00.000000000Z, 1.60018, 1.60084, 1.59990, 1.60070, 0, 0
2012-10-23T08:30:00.000000000Z, 1.60074, 1.60154, 1.60064, 1.60144, 0, 0
2012-10-23T09:00:00.000000000Z, 1.60146, 1.60210, 1.60102, 1.60138, 0, 0
2012-10-23T09:30:00.000000000Z, 1.60136, 1.60152, 1.59998, 1.60044, 0, 0
2012-10-23T10:00:00.000000000Z, 1.60048, 1.60092, 1.59966, 1.59990, 0, 0
2012-10-23T10:30:00.000000000Z, 1.59994, 1.59998, 1.59784, 1.59844, 0, 0
2012-10-23T11:00:00.000000000Z, 1.59848, 1.59942, 1.59830, 1.59936, 0, 0
2012-10-23T11:30:00.000000000Z, 1.59940, 1.59954, 1.59850, 1.59876, 0, 0
2012-10-23T12:00:00.000000000Z, 1.59872, 1.59888, 1.59804, 1.59852, 0, 0
2012-10-23T12:30:00.000000000Z, 1.59848, 1.59866, 1.59376, 1.59540, 0, 0
2012-10-23T13:00:00.000000000Z, 1.59542, 1.59656, 1.59442, 1.59597, 0, 0
2012-10-23T13:30:00.000000000Z, 1.59593, 1.59595, 1.59482, 1.59570, 0, 0
2012-10-23T14:00:00.000000000Z, 1.59573, 1.59618, 1.59383, 1.59413, 0, 0
2012-10-23T14:30:00.000000000Z, 1.59409, 1.59443, 1.59254, 1.59390, 0, 0
2012-10-23T15:00:00.000000000Z, 1.59394, 1.59428, 1.59231, 1.59275, 0, 0
2012-10-23T15:30:00.000000000Z, 1.59279, 1.59321, 1.59136, 1.59309, 0, 0
2012-10-23T16:00:00.000000000Z, 1.59313, 1.59352, 1.59265, 1.59352, 0, 0
2012-10-23T16:30:00.000000000Z, 1.59348, 1.59409, 1.59340, 1.59409, 0, 0
2012-10-23T17:00:00.000000000Z, 1.59405, 1.59424, 1.59337, 1.59390, 0, 0
2012-10-23T17:30:00.000000000Z, 1.59394, 1.59401, 1.59372, 1.59397, 0, 0
2012-10-23T18:00:00.000000000Z, 1.59394, 1.59417, 1.59322, 1.59367, 0, 0
2012-10-23T18:30:00.000000000Z, 1.59370, 1.59435, 1.59307, 1.59417, 0, 0
2012-10-23T19:00:00.000000000Z, 1.59414, 1.59500, 1.59303, 1.59471, 0, 0
2012-10-23T19:30:00.000000000Z, 1.59467, 1.59504, 1.59448, 1.59500, 0, 0
2012-10-23T20:00:00.000000000Z, 1.59496, 1.59531, 1.59437, 1.59502, 0, 0
2012-10-23T20:30:00.000000000Z, 1.59505, 1.59534, 1.59490, 1.59522, 0, 0
2012-10-23T21:00:00.000000000Z, 1.59520, 1.59536, 1.59480, 1.59519, 0, 0
2012-10-23T21:30:00.000000000Z, 1.59516, 1.59531, 1.59509, 1.59519, 0, 0
2012-10-23T22:00:00.000000000Z, 1.59523, 1.59535, 1.59512, 1.59516, 0, 0
2012-10-23T22:30:00.000000000Z, 1.59512, 1.59523, 1.59467, 1.59475, 0, 0
2012-10-23T23:00:00.000000000Z, 1.59478, 1.59506, 1.59458, 1.59500, 0, 0
2012-10-23T23:30:00.000000000Z, 1.59496, 1.59500, 1.59464, 1.59482, 0, 0
2012-10-24T00:00:00.000000000Z, 1.59486, 1.59496, 1.59454, 1.59454, 0, 0
2012-10-24T00:30:00.000000000Z, 1.59458, 1.59492, 1.59428, 1.59464, 0, 0
2012-10-24T01:00:00.000000000Z, 1.59468, 1.59526, 1.59468, 1.59510, 0, 0
2012-10-24T01:30:00.000000000Z, 1.59506, 1.59540, 1.59498, 1.59506, 0, 0
2012-10-24T02:00:00.000000000Z, 1.59508, 1.59530, 1.59476, 1.59496, 0, 0
2012-10-24T02:30:00.000000000Z, 1.59492, 1.59492, 1.59370, 1.59392, 0, 0
2012-10-24T03:00:00.000000000Z, 1.59396, 1.59434, 1.59364, 1.59420, 0, 0
2012-10-24T03:30:00.000000000Z, 1.59424, 1.59440, 1.59394, 1.59426, 0, 0
2012-10-24T04:00:00.000000000Z, 1.59430, 1.59472, 1.59420, 1.59472, 0, 0
2012-10-24T04:30:00.000000000Z, 1.59468, 1.59492, 1.59430, 1.59466, 0, 0
2012-10-24T05:00:00.000000000Z, 1.59462, 1.59502, 1.59424, 1.59484, 0, 0
2012-10-24T05:30:00.000000000Z, 1.59480, 1.59536, 1.59462, 1.59528, 0, 0
2012-10-24T06:00:00.000000000Z, 1.59532, 1.59796, 1.59486, 1.59732, 0, 0
2012-10-24T06:30:00.000000000Z, 1.59736, 1.60002, 1.59736, 1.59858, 0, 0
2012-10-24T07:00:00.000000000Z, 1.59854, 1.59892, 1.59760, 1.59868, 0, 0
2012-10-24T07:30:00.000000000Z, 1.59872, 1.59898, 1.59718, 1.59828, 0, 0
2012-10-24T08:00:00.000000000Z, 1.59824, 1.59824, 1.59502, 1.59604, 0, 0
2012-10-24T08:30:00.000000000Z, 1.59600, 1.59806, 1.59600, 1.59720, 0, 0
2012-10-24T09:00:00.000000000Z, 1.59724, 1.59834, 1.59706, 1.59786, 0, 0
2012-10-24T09:30:00.000000000Z, 1.59790, 1.59854, 1.59716, 1.59814, 0, 0
2012-10-24T10:00:00.000000000Z, 1.59812, 1.60096, 1.59722, 1.60068, 0, 0
2012-10-24T10:30:00.000000000Z, 1.60064, 1.60158, 1.60048, 1.60058, 0, 0
2012-10-24T11:00:00.000000000Z, 1.60056, 1.60126, 1.60028, 1.60118, 0, 0
2012-10-24T11:30:00.000000000Z, 1.60122, 1.60218, 1.60122, 1.60166, 0, 0
2012-10-24T12:00:00.000000000Z, 1.60170, 1.60200, 1.60060, 1.60152, 0, 0
2012-10-24T12:30:00.000000000Z, 1.60150, 1.60226, 1.60074, 1.60138, 0, 0
2012-10-24T13:00:00.000000000Z, 1.60136, 1.60448, 1.60136, 1.60336, 0, 0
2012-10-24T13:30:00.000000000Z, 1.60340, 1.60478, 1.60336, 1.60448, 0, 0
2012-10-24T14:00:00.000000000Z, 1.60442, 1.60482, 1.60272, 1.60312, 0, 0
2012-10-24T14:30:00.000000000Z, 1.60308, 1.60402, 1.60286, 1.60292, 0, 0
2012-10-24T15:00:00.000000000Z, 1.60288, 1.60312, 1.60194, 1.60228, 0, 0
2012-10-24T15:30:00.000000000Z, 1.60224, 1.60246, 1.60110, 1.60140, 0, 0
2012-10-24T16:00:00.000000000Z, 1.60144, 1.60163, 1.60090, 1.60160, 0, 0
2012-10-24T16:30:00.000000000Z, 1.60163, 1.60221, 1.60146, 1.60209, 0, 0
2012-10-24T17:00:00.000000000Z, 1.60213, 1.60251, 1.60209, 1.60248, 0, 0
2012-10-24T17:30:00.000000000Z, 1.60251, 1.60327, 1.60233, 1.60319, 0, 0
2012-10-24T18:00:00.000000000Z, 1.60323, 1.60388, 1.60172, 1.60343, 0, 0
2012-10-24T18:30:00.000000000Z, 1.60339, 1.60422, 1.60268, 1.60359, 0, 0
2012-10-24T19:00:00.000000000Z, 1.60355, 1.60400, 1.60302, 1.60336, 0, 0
2012-10-24T19:30:00.000000000Z, 1.60339, 1.60343, 1.60237, 1.60298, 0, 0
2012-10-24T20:00:00.000000000Z, 1.60294, 1.60430, 1.60294, 1.60416, 0, 0
2012-10-24T20:30:00.000000000Z, 1.60420, 1.60438, 1.60374, 1.60376, 0, 0
2012-10-24T21:00:00.000000000Z, 1.60374, 1.60428, 1.60374, 1.60424, 0, 0
2012-10-24T21:30:00.000000000Z, 1.60420, 1.60420, 1.60370, 1.60374, 0, 0
2012-10-24T22:00:00.000000000Z, 1.60370, 1.60380, 1.60326, 1.60336, 0, 0
2012-10-24T22:30:00.000000000Z, 1.60334, 1.60340, 1.60292, 1.60336, 0, 0
2012-10-24T23:00:00.000000000Z, 1.60340, 1.60360, 1.60330, 1.60336, 0, 0
2012-10-24T23:30:00.000000000Z, 1.60340, 1.60348, 1.60268, 1.60298, 0, 0
2012-10-25T00:00:00.000000000Z, 1.60302, 1.60336, 1.60292, 1.60330, 0, 0
2012-10-25T00:30:00.000000000Z, 1.60334, 1.60370, 1.60330, 1.60340, 0, 0
2012-10-25T01:00:00.000000000Z, 1.60336, 1.60410, 1.60294, 1.60390, 0, 0
2012-10-25T01:30:00.000000000Z, 1.60388, 1.60398, 1.60334, 1.60370, 0, 0
2012-10-25T02:00:00.000000000Z, 1.60366, 1.60462, 1.60360, 1.60448, 0, 0
2012-10-25T02:30:00.000000000Z, 1.60452, 1.60458, 1.60414, 1.60438, 0, 0
2012-10-25T03:00:00.000000000Z, 1.60442, 1.60470, 1.60416, 1.60442, 0, 0
2012-10-25T03:30:00.000000000Z, 1.60438, 1.60470, 1.60402, 1.60402, 0, 0
2012-10-25T04:00:00.000000000Z, 1.60406, 1.60444, 1.60356, 1.60428, 0, 0
2012-10-25T04:30:00.000000000Z, 1.60424, 1.60474, 1.60394, 1.60398, 0, 0
2012-10-25T05:00:00.000000000Z, 1.60394, 1.60512, 1.60390, 1.60498, 0, 0
2012-10-25T05:30:00.000000000Z, 1.60502, 1.60608, 1.60498, 1.60590, 0, 0
2012-10-25T06:00:00.000000000Z, 1.60586, 1.60762, 1.60558, 1.60762, 0, 0
2012-10-25T06:30:00.000000000Z, 1.60760, 1.60772, 1.60654, 1.60700, 0, 0
2012-10-25T07:00:00.000000000Z, 1.60694, 1.60740, 1.60638, 1.60662, 0, 0
2012-10-25T07:30:00.000000000Z, 1.60666, 1.60760, 1.60590, 1.60692, 0, 0
2012-10-25T08:00:00.000000000Z, 1.60694, 1.60913, 1.60692, 1.60899, 0, 0
2012-10-25T08:30:00.000000000Z, 1.60914, 1.61346, 1.60905, 1.61178, 0, 0
2012-10-25T09:00:00.000000000Z, 1.61174, 1.61290, 1.61064, 1.61244, 0, 0
2012-10-25T09:30:00.000000000Z, 1.61248, 1.61432, 1.61248, 1.61336, 0, 0
2012-10-25T10:00:00.000000000Z, 1.61332, 1.61414, 1.61250, 1.61298, 0, 0
2012-10-25T10:30:00.000000000Z, 1.61294, 1.61384, 1.61268, 1.61380, 0, 0
2012-10-25T11:00:00.000000000Z, 1.61384, 1.61414, 1.61298, 1.61400, 0, 0
2012-10-25T11:30:00.000000000Z, 1.61404, 1.61414, 1.61294, 1.61354, 0, 0
2012-10-25T12:00:00.000000000Z, 1.61358, 1.61434, 1.61344, 1.61377, 0, 0
2012-10-25T12:30:00.000000000Z, 1.61383, 1.61408, 1.61264, 1.61382, 0, 0
2012-10-25T13:00:00.000000000Z, 1.61386, 1.61390, 1.61286, 1.61294, 0, 0
2012-10-25T13:30:00.000000000Z, 1.61290, 1.61392, 1.61278, 1.61352, 0, 0
2012-10-25T14:00:00.000000000Z, 1.61350, 1.61392, 1.61284, 1.61380, 0, 0
2012-10-25T14:30:00.000000000Z, 1.61384, 1.61412, 1.61248, 1.61407, 0, 0
2012-10-25T15:00:00.000000000Z, 1.61403, 1.61403, 1.61163, 1.61166, 0, 0
2012-10-25T15:30:00.000000000Z, 1.61170, 1.61223, 1.61129, 1.61186, 0, 0
2012-10-25T16:00:00.000000000Z, 1.61190, 1.61190, 1.61117, 1.61163, 0, 0
2012-10-25T16:30:00.000000000Z, 1.61166, 1.61265, 1.61166, 1.61251, 0, 0
2012-10-25T17:00:00.000000000Z, 1.61247, 1.61258, 1.61197, 1.61249, 0, 0
2012-10-25T17:30:00.000000000Z, 1.61245, 1.61245, 1.61186, 1.61215, 0, 0
2012-10-25T18:00:00.000000000Z, 1.61211, 1.61241, 1.61197, 1.61241, 0, 0
2012-10-25T18:30:00.000000000Z, 1.61238, 1.61272, 1.61217, 1.61243, 0, 0
2012-10-25T19:00:00.000000000Z, 1.61239, 1.61253, 1.61213, 1.61238, 0, 0
2012-10-25T19:30:00.000000000Z, 1.61241, 1.61322, 1.61231, 1.61310, 0, 0
2012-10-25T20:00:00.000000000Z, 1.61314, 1.61329, 1.61217, 1.61220, 0, 0
2012-10-25T20:30:00.000000000Z, 1.61217, 1.61217, 1.61166, 1.61182, 0, 0
2012-10-25T21:00:00.000000000Z, 1.61188, 1.61244, 1.61140, 1.61186, 0, 0
2012-10-25T21:30:00.000000000Z, 1.61182, 1.61236, 1.61163, 1.61196, 0, 0
2012-10-25T22:00:00.000000000Z, 1.61194, 1.61242, 1.61172, 1.61242, 0, 0
2012-10-25T22:30:00.000000000Z, 1.61238, 1.61238, 1.61174, 1.61200, 0, 0
2012-10-25T23:00:00.000000000Z, 1.61204, 1.61204, 1.61148, 1.61170, 0, 0
2012-10-25T23:30:00.000000000Z, 1.61174, 1.61184, 1.61156, 1.61176, 0, 0
2012-10-26T00:00:00.000000000Z, 1.61174, 1.61194, 1.61152, 1.61156, 0, 0
2012-10-26T00:30:00.000000000Z, 1.61152, 1.61232, 1.61134, 1.61218, 0, 0
2012-10-26T01:00:00.000000000Z, 1.61222, 1.61282, 1.61204, 1.61250, 0, 0
2012-10-26T01:30:00.000000000Z, 1.61254, 1.61318, 1.61230, 1.61312, 0, 0
2012-10-26T02:00:00.000000000Z, 1.61308, 1.61330, 1.61272, 1.61290, 0, 0
2012-10-26T02:30:00.000000000Z, 1.61294, 1.61304, 1.61282, 1.61290, 0, 0
2012-10-26T03:00:00.000000000Z, 1.61294, 1.61316, 1.61244, 1.61264, 0, 0
2012-10-26T03:30:00.000000000Z, 1.61268, 1.61276, 1.61180, 1.61228, 0, 0
2012-10-26T04:00:00.000000000Z, 1.61224, 1.61240, 1.61160, 1.61222, 0, 0
2012-10-26T04:30:00.000000000Z, 1.61218, 1.61218, 1.61112, 1.61118, 0, 0
2012-10-26T05:00:00.000000000Z, 1.61114, 1.61180, 1.61072, 1.61180, 0, 0
2012-10-26T05:30:00.000000000Z, 1.61176, 1.61176, 1.61064, 1.61096, 0, 0
2012-10-26T06:00:00.000000000Z, 1.61092, 1.61096, 1.60990, 1.61058, 0, 0
2012-10-26T06:30:00.000000000Z, 1.61060, 1.61210, 1.61058, 1.61162, 0, 0
2012-10-26T07:00:00.000000000Z, 1.61160, 1.61210, 1.61078, 1.61126, 0, 0
2012-10-26T07:30:00.000000000Z, 1.61122, 1.61152, 1.61038, 1.61092, 0, 0
2012-10-26T08:00:00.000000000Z, 1.61088, 1.61196, 1.60984, 1.61196, 0, 0
2012-10-26T08:30:00.000000000Z, 1.61194, 1.61290, 1.61130, 1.61146, 0, 0
2012-10-26T09:00:00.000000000Z, 1.61148, 1.61240, 1.61130, 1.61240, 0, 0
2012-10-26T09:30:00.000000000Z, 1.61236, 1.61240, 1.61162, 1.61184, 0, 0
2012-10-26T10:00:00.000000000Z, 1.61180, 1.61210, 1.61024, 1.61148, 0, 0
2012-10-26T10:30:00.000000000Z, 1.61152, 1.61156, 1.60944, 1.61012, 0, 0
2012-10-26T11:00:00.000000000Z, 1.61016, 1.61110, 1.60932, 1.61078, 0, 0
2012-10-26T11:30:00.000000000Z, 1.61074, 1.61146, 1.61032, 1.61118, 0, 0
2012-10-26T12:00:00.000000000Z, 1.61122, 1.61164, 1.61068, 1.61112, 0, 0
2012-10-26T12:30:00.000000000Z, 1.61119, 1.61203, 1.61024, 1.61099, 0, 0
2012-10-26T13:00:00.000000000Z, 1.61096, 1.61212, 1.61075, 1.61156, 0, 0
2012-10-26T13:30:00.000000000Z, 1.61160, 1.61224, 1.61088, 1.61106, 0, 0
2012-10-26T14:00:00.000000000Z, 1.61110, 1.61412, 1.61060, 1.61098, 0, 0
2012-10-26T14:30:00.000000000Z, 1.61102, 1.61112, 1.60864, 1.60976, 0, 0
2012-10-26T15:00:00.000000000Z, 1.60972, 1.61072, 1.60916, 1.60978, 0, 0
2012-10-26T15:30:00.000000000Z, 1.60980, 1.61034, 1.60920, 1.60968, 0, 0
2012-10-26T16:00:00.000000000Z, 1.60964, 1.60964, 1.60844, 1.60874, 0, 0
2012-10-26T16:30:00.000000000Z, 1.60870, 1.60894, 1.60810, 1.60878, 0, 0
2012-10-26T17:00:00.000000000Z, 1.60876, 1.60922, 1.60864, 1.60912, 0, 0
2012-10-26T17:30:00.000000000Z, 1.60908, 1.61014, 1.60898, 1.61000, 0, 0
2012-10-26T18:00:00.000000000Z, 1.61004, 1.61004, 1.60956, 1.60978, 0, 0
2012-10-26T18:30:00.000000000Z, 1.60980, 1.61010, 1.60960, 1.60980, 0, 0
2012-10-26T19:00:00.000000000Z, 1.60978, 1.61010, 1.60974, 1.60994, 0, 0
2012-10-26T19:30:00.000000000Z, 1.60998, 1.61000, 1.60916, 1.60928, 0, 0
2012-10-26T20:00:00.000000000Z, 1.60927, 1.60947, 1.60901, 1.60943, 0, 0
2012-10-26T20:30:00.000000000Z, 1.60947, 1.61070, 1.60859, 1.61032, 0, 0
2012-10-26T21:00:00.000000000Z, 1.61032, 1.61032, 1.61032, 1.61032, 0, 0
2012-10-28T19:00:00.000000000Z, 1.61032, 1.61225, 1.61032, 1.61160, 0, 0
2012-10-28T19:30:00.000000000Z, 1.61150, 1.61163, 1.61103, 1.61136, 0, 0
2012-10-28T20:00:00.000000000Z, 1.61119, 1.61143, 1.60927, 1.60928, 0, 0
2012-10-28T20:30:00.000000000Z, 1.60939, 1.61082, 1.60930, 1.61064, 0, 0
2012-10-28T21:00:00.000000000Z, 1.61057, 1.61057, 1.60955, 1.60979, 0, 0
2012-10-28T21:30:00.000000000Z, 1.60985, 1.61036, 1.60954, 1.60980, 0, 0
2012-10-28T22:00:00.000000000Z, 1.60980, 1.60986, 1.60924, 1.60936, 0, 0
2012-10-28T22:30:00.000000000Z, 1.60932, 1.60932, 1.60850, 1.60850, 0, 0
2012-10-28T23:00:00.000000000Z, 1.60854, 1.60868, 1.60778, 1.60786, 0, 0
2012-10-28T23:30:00.000000000Z, 1.60790, 1.60865, 1.60790, 1.60865, 0, 0
2012-10-29T00:00:00.000000000Z, 1.60868, 1.60932, 1.60838, 1.60838, 0, 0
2012-10-29T00:30:00.000000000Z, 1.60834, 1.60844, 1.60756, 1.60788, 0, 0
2012-10-29T01:00:00.000000000Z, 1.60790, 1.60852, 1.60790, 1.60830, 0, 0
2012-10-29T01:30:00.000000000Z, 1.60834, 1.60852, 1.60820, 1.60852, 0, 0
2012-10-29T02:00:00.000000000Z, 1.60856, 1.60912, 1.60824, 1.60824, 0, 0
2012-10-29T02:30:00.000000000Z, 1.60828, 1.60852, 1.60814, 1.60848, 0, 0
2012-10-29T03:00:00.000000000Z, 1.60844, 1.60856, 1.60764, 1.60764, 0, 0
2012-10-29T03:30:00.000000000Z, 1.60768, 1.60828, 1.60764, 1.60824, 0, 0
2012-10-29T04:00:00.000000000Z, 1.60822, 1.60824, 1.60796, 1.60796, 0, 0
2012-10-29T04:30:00.000000000Z, 1.60800, 1.60822, 1.60790, 1.60808, 0, 0
2012-10-29T05:00:00.000000000Z, 1.60804, 1.60832, 1.60746, 1.60828, 0, 0
2012-10-29T05:30:00.000000000Z, 1.60824, 1.60876, 1.60818, 1.60840, 0, 0
2012-10-29T06:00:00.000000000Z, 1.60844, 1.60858, 1.60808, 1.60824, 0, 0
2012-10-29T06:30:00.000000000Z, 1.60828, 1.60872, 1.60828, 1.60868, 0, 0
2012-10-29T07:00:00.000000000Z, 1.60872, 1.60872, 1.60718, 1.60726, 0, 0
2012-10-29T07:30:00.000000000Z, 1.60722, 1.60754, 1.60658, 1.60658, 0, 0
2012-10-29T08:00:00.000000000Z, 1.60660, 1.60702, 1.60586, 1.60634, 0, 0
2012-10-29T08:30:00.000000000Z, 1.60638, 1.60744, 1.60606, 1.60614, 0, 0
2012-10-29T09:00:00.000000000Z, 1.60618, 1.60654, 1.60592, 1.60615, 0, 0
2012-10-29T09:30:00.000000000Z, 1.60619, 1.60720, 1.60596, 1.60600, 0, 0
2012-10-29T10:00:00.000000000Z, 1.60604, 1.60632, 1.60574, 1.60610, 0, 0
2012-10-29T10:30:00.000000000Z, 1.60606, 1.60670, 1.60584, 1.60638, 0, 0
2012-10-29T11:00:00.000000000Z, 1.60640, 1.60640, 1.60558, 1.60562, 0, 0
2012-10-29T11:30:00.000000000Z, 1.60558, 1.60612, 1.60536, 1.60536, 0, 0
2012-10-29T12:00:00.000000000Z, 1.60540, 1.60604, 1.60532, 1.60550, 0, 0
2012-10-29T12:30:00.000000000Z, 1.60554, 1.60558, 1.60308, 1.60372, 0, 0
2012-10-29T13:00:00.000000000Z, 1.60376, 1.60428, 1.60312, 1.60382, 0, 0
2012-10-29T13:30:00.000000000Z, 1.60386, 1.60410, 1.60272, 1.60410, 0, 0
2012-10-29T14:00:00.000000000Z, 1.60414, 1.60516, 1.60376, 1.60400, 0, 0
2012-10-29T14:30:00.000000000Z, 1.60404, 1.60526, 1.60398, 1.60420, 0, 0
2012-10-29T15:00:00.000000000Z, 1.60424, 1.60536, 1.60362, 1.60512, 0, 0
2012-10-29T15:30:00.000000000Z, 1.60516, 1.60572, 1.60206, 1.60250, 0, 0
2012-10-29T16:00:00.000000000Z, 1.60254, 1.60272, 1.60076, 1.60076, 0, 0
2012-10-29T16:30:00.000000000Z, 1.60072, 1.60214, 1.60068, 1.60206, 0, 0
2012-10-29T17:00:00.000000000Z, 1.60204, 1.60248, 1.60176, 1.60244, 0, 0
2012-10-29T17:30:00.000000000Z, 1.60240, 1.60292, 1.60220, 1.60292, 0, 0
2012-10-29T18:00:00.000000000Z, 1.60294, 1.60330, 1.60284, 1.60306, 0, 0
2012-10-29T18:30:00.000000000Z, 1.60302, 1.60394, 1.60266, 1.60390, 0, 0
2012-10-29T19:00:00.000000000Z, 1.60388, 1.60388, 1.60258, 1.60288, 0, 0
2012-10-29T19:30:00.000000000Z, 1.60292, 1.60332, 1.60272, 1.60322, 0, 0
2012-10-29T20:00:00.000000000Z, 1.60326, 1.60330, 1.60296, 1.60298, 0, 0
2012-10-29T20:30:00.000000000Z, 1.60302, 1.60334, 1.60272, 1.60332, 0, 0
2012-10-29T21:00:00.000000000Z, 1.60328, 1.60364, 1.60302, 1.60343, 0, 0
2012-10-29T21:30:00.000000000Z, 1.60339, 1.60345, 1.60285, 1.60285, 0, 0
2012-10-29T22:00:00.000000000Z, 1.60289, 1.60344, 1.60225, 1.60344, 0, 0
2012-10-29T22:30:00.000000000Z, 1.60348, 1.60354, 1.60318, 1.60336, 0, 0
2012-10-29T23:00:00.000000000Z, 1.60332, 1.60346, 1.60322, 1.60322, 0, 0
2012-10-29T23:30:00.000000000Z, 1.60326, 1.60350, 1.60292, 1.60300, 0, 0
2012-10-30T00:00:00.000000000Z, 1.60296, 1.60314, 1.60260, 1.60314, 0, 0
2012-10-30T00:30:00.000000000Z, 1.60318, 1.60322, 1.60284, 1.60308, 0, 0
2012-10-30T01:00:00.000000000Z, 1.60306, 1.60356, 1.60284, 1.60344, 0, 0
2012-10-30T01:30:00.000000000Z, 1.60340, 1.60360, 1.60304, 1.60318, 0, 0
2012-10-30T02:00:00.000000000Z, 1.60314, 1.60340, 1.60314, 1.60340, 0, 0
2012-10-30T02:30:00.000000000Z, 1.60336, 1.60370, 1.60328, 1.60342, 0, 0
2012-10-30T03:00:00.000000000Z, 1.60346, 1.60382, 1.60320, 1.60326, 0, 0
2012-10-30T03:30:00.000000000Z, 1.60330, 1.60334, 1.60306, 1.60326, 0, 0
2012-10-30T04:00:00.000000000Z, 1.60330, 1.60344, 1.60302, 1.60306, 0, 0
2012-10-30T04:30:00.000000000Z, 1.60308, 1.60344, 1.60298, 1.60340, 0, 0
2012-10-30T05:00:00.000000000Z, 1.60342, 1.60368, 1.60326, 1.60368, 0, 0
2012-10-30T05:30:00.000000000Z, 1.60372, 1.60406, 1.60292, 1.60294, 0, 0
2012-10-30T06:00:00.000000000Z, 1.60298, 1.60410, 1.60212, 1.60376, 0, 0
2012-10-30T06:30:00.000000000Z, 1.60380, 1.60503, 1.60380, 1.60433, 0, 0
2012-10-30T07:00:00.000000000Z, 1.60430, 1.60567, 1.60426, 1.60523, 0, 0
2012-10-30T07:30:00.000000000Z, 1.60527, 1.60537, 1.60438, 1.60485, 0, 0
2012-10-30T08:00:00.000000000Z, 1.60488, 1.60644, 1.60485, 1.60630, 0, 0
2012-10-30T08:30:00.000000000Z, 1.60634, 1.60728, 1.60556, 1.60626, 0, 0
2012-10-30T09:00:00.000000000Z, 1.60630, 1.60656, 1.60506, 1.60506, 0, 0
2012-10-30T09:30:00.000000000Z, 1.60510, 1.60573, 1.60440, 1.60527, 0, 0
2012-10-30T10:00:00.000000000Z, 1.60530, 1.60722, 1.60530, 1.60617, 0, 0
2012-10-30T10:30:00.000000000Z, 1.60621, 1.60715, 1.60564, 1.60711, 0, 0
2012-10-30T11:00:00.000000000Z, 1.60708, 1.60764, 1.60648, 1.60701, 0, 0
2012-10-30T11:30:00.000000000Z, 1.60697, 1.60704, 1.60621, 1.60624, 0, 0
2012-10-30T12:00:00.000000000Z, 1.60621, 1.60791, 1.60607, 1.60780, 0, 0
2012-10-30T12:30:00.000000000Z, 1.60777, 1.60812, 1.60699, 1.60739, 0, 0
2012-10-30T13:00:00.000000000Z, 1.60736, 1.60827, 1.60652, 1.60806, 0, 0
2012-10-30T13:30:00.000000000Z, 1.60803, 1.60848, 1.60778, 1.60838, 0, 0
2012-10-30T14:00:00.000000000Z, 1.60841, 1.60852, 1.60784, 1.60820, 0, 0
2012-10-30T14:30:00.000000000Z, 1.60824, 1.60841, 1.60717, 1.60755, 0, 0
2012-10-30T15:00:00.000000000Z, 1.60759, 1.60853, 1.60724, 1.60811, 0, 0
2012-10-30T15:30:00.000000000Z, 1.60814, 1.60855, 1.60776, 1.60824, 0, 0
2012-10-30T16:00:00.000000000Z, 1.60820, 1.60854, 1.60772, 1.60772, 0, 0
2012-10-30T16:30:00.000000000Z, 1.60769, 1.60804, 1.60765, 1.60804, 0, 0
2012-10-30T17:00:00.000000000Z, 1.60808, 1.60858, 1.60746, 1.60754, 0, 0
2012-10-30T17:30:00.000000000Z, 1.60750, 1.60772, 1.60664, 1.60752, 0, 0
2012-10-30T18:00:00.000000000Z, 1.60748, 1.60752, 1.60698, 1.60716, 0, 0
2012-10-30T18:30:00.000000000Z, 1.60720, 1.60784, 1.60708, 1.60784, 0, 0
2012-10-30T19:00:00.000000000Z, 1.60788, 1.60794, 1.60720, 1.60742, 0, 0
2012-10-30T19:30:00.000000000Z, 1.60746, 1.60768, 1.60746, 1.60768, 0, 0
2012-10-30T20:00:00.000000000Z, 1.60764, 1.60772, 1.60718, 1.60732, 0, 0
2012-10-30T20:30:00.000000000Z, 1.60736, 1.60754, 1.60722, 1.60730, 0, 0
2012-10-30T21:00:00.000000000Z, 1.60726, 1.60796, 1.60684, 1.60739, 0, 0
2012-10-30T21:30:00.000000000Z, 1.60743, 1.60821, 1.60743, 1.60799, 0, 0
2012-10-30T22:00:00.000000000Z, 1.60796, 1.60822, 1.60789, 1.60808, 0, 0
2012-10-30T22:30:00.000000000Z, 1.60808, 1.60836, 1.60808, 1.60836, 0, 0
2012-10-30T23:00:00.000000000Z, 1.60838, 1.60862, 1.60752, 1.60766, 0, 0
2012-10-30T23:30:00.000000000Z, 1.60770, 1.60794, 1.60728, 1.60732, 0, 0
2012-10-31T00:00:00.000000000Z, 1.60736, 1.60764, 1.60712, 1.60742, 0, 0
2012-10-31T00:30:00.000000000Z, 1.60746, 1.60794, 1.60708, 1.60756, 0, 0
2012-10-31T01:00:00.000000000Z, 1.60754, 1.60804, 1.60686, 1.60786, 0, 0
2012-10-31T01:30:00.000000000Z, 1.60790, 1.60810, 1.60768, 1.60782, 0, 0
2012-10-31T02:00:00.000000000Z, 1.60786, 1.60840, 1.60780, 1.60824, 0, 0
2012-10-31T02:30:00.000000000Z, 1.60828, 1.60850, 1.60808, 1.60810, 0, 0
2012-10-31T03:00:00.000000000Z, 1.60808, 1.60822, 1.60790, 1.60796, 0, 0
2012-10-31T03:30:00.000000000Z, 1.60800, 1.60842, 1.60790, 1.60838, 0, 0
2012-10-31T04:00:00.000000000Z, 1.60834, 1.60852, 1.60798, 1.60806, 0, 0
2012-10-31T04:30:00.000000000Z, 1.60802, 1.60852, 1.60794, 1.60838, 0, 0
2012-10-31T05:00:00.000000000Z, 1.60834, 1.60848, 1.60816, 1.60842, 0, 0
2012-10-31T05:30:00.000000000Z, 1.60844, 1.60874, 1.60834, 1.60868, 0, 0
2012-10-31T06:00:00.000000000Z, 1.60870, 1.60896, 1.60842, 1.60878, 0, 0
2012-10-31T06:30:00.000000000Z, 1.60874, 1.60878, 1.60834, 1.60856, 0, 0
2012-10-31T07:00:00.000000000Z, 1.60858, 1.60888, 1.60794, 1.60826, 0, 0
2012-10-31T07:30:00.000000000Z, 1.60830, 1.60916, 1.60800, 1.60908, 0, 0
2012-10-31T08:00:00.000000000Z, 1.60912, 1.61136, 1.60904, 1.61084, 0, 0
2012-10-31T08:30:00.000000000Z, 1.61088, 1.61220, 1.61070, 1.61160, 0, 0
2012-10-31T09:00:00.000000000Z, 1.61162, 1.61366, 1.61152, 1.61278, 0, 0
2012-10-31T09:30:00.000000000Z, 1.61274, 1.61312, 1.61108, 1.61136, 0, 0
2012-10-31T10:00:00.000000000Z, 1.61132, 1.61194, 1.61126, 1.61160, 0, 0
2012-10-31T10:30:00.000000000Z, 1.61164, 1.61236, 1.61104, 1.61122, 0, 0
2012-10-31T11:00:00.000000000Z, 1.61126, 1.61242, 1.61112, 1.61184, 0, 0
2012-10-31T11:30:00.000000000Z, 1.61188, 1.61210, 1.61120, 1.61156, 0, 0
2012-10-31T12:00:00.000000000Z, 1.61160, 1.61218, 1.61108, 1.61119, 0, 0
2012-10-31T12:30:00.000000000Z, 1.61115, 1.61174, 1.61078, 1.61126, 0, 0
2012-10-31T13:00:00.000000000Z, 1.61122, 1.61146, 1.61028, 1.61058, 0, 0
2012-10-31T13:30:00.000000000Z, 1.61054, 1.61164, 1.61018, 1.61120, 0, 0
2012-10-31T14:00:00.000000000Z, 1.61122, 1.61184, 1.61030, 1.61092, 0, 0
2012-10-31T14:30:00.000000000Z, 1.61094, 1.61108, 1.60970, 1.61020, 0, 0
2012-10-31T15:00:00.000000000Z, 1.61018, 1.61066, 1.60942, 1.61012, 0, 0
2012-10-31T15:30:00.000000000Z, 1.61016, 1.61126, 1.60990, 1.61094, 0, 0
2012-10-31T16:00:00.000000000Z, 1.61098, 1.61218, 1.61090, 1.61102, 0, 0
2012-10-31T16:30:00.000000000Z, 1.61098, 1.61310, 1.61092, 1.61310, 0, 0
2012-10-31T17:00:00.000000000Z, 1.61306, 1.61310, 1.61244, 1.61296, 0, 0
2012-10-31T17:30:00.000000000Z, 1.61298, 1.61390, 1.61288, 1.61338, 0, 0
2012-10-31T18:00:00.000000000Z, 1.61336, 1.61390, 1.61332, 1.61344, 0, 0
2012-10-31T18:30:00.000000000Z, 1.61340, 1.61346, 1.61288, 1.61296, 0, 0
2012-10-31T19:00:00.000000000Z, 1.61298, 1.61386, 1.61292, 1.61370, 0, 0
2012-10-31T19:30:00.000000000Z, 1.61366, 1.61382, 1.61352, 1.61374, 0, 0
2012-10-31T20:00:00.000000000Z, 1.61370, 1.61382, 1.61322, 1.61330, 0, 0
2012-10-31T20:30:00.000000000Z, 1.61332, 1.61352, 1.61262, 1.61292, 0, 0
2012-10-31T21:00:00.000000000Z, 1.61296, 1.61326, 1.61284, 1.61313, 0, 0
2012-10-31T21:30:00.000000000Z, 1.61317, 1.61320, 1.61302, 1.61302, 0, 0
2012-10-31T22:00:00.000000000Z, 1.61298, 1.61320, 1.61224, 1.61302, 0, 0
2012-10-31T22:30:00.000000000Z, 1.61298, 1.61340, 1.61298, 1.61316, 0, 0
2012-10-31T23:00:00.000000000Z, 1.61312, 1.61326, 1.61282, 1.61288, 0, 0
2012-10-31T23:30:00.000000000Z, 1.61292, 1.61332, 1.61292, 1.61322, 0, 0
2012-11-01T00:00:00.000000000Z, 1.61326, 1.61330, 1.61298, 1.61302, 0, 0
2012-11-01T00:30:00.000000000Z, 1.61298, 1.61322, 1.61248, 1.61276, 0, 0
2012-11-01T01:00:00.000000000Z, 1.61272, 1.61304, 1.61258, 1.61278, 0, 0
2012-11-01T01:30:00.000000000Z, 1.61276, 1.61332, 1.61246, 1.61302, 0, 0
2012-11-01T02:00:00.000000000Z, 1.61304, 1.61304, 1.61262, 1.61268, 0, 0
2012-11-01T02:30:00.000000000Z, 1.61264, 1.61298, 1.61262, 1.61282, 0, 0
2012-11-01T03:00:00.000000000Z, 1.61278, 1.61326, 1.61276, 1.61318, 0, 0
2012-11-01T03:30:00.000000000Z, 1.61316, 1.61316, 1.61278, 1.61290, 0, 0
2012-11-01T04:00:00.000000000Z, 1.61294, 1.61312, 1.61276, 1.61286, 0, 0
2012-11-01T04:30:00.000000000Z, 1.61290, 1.61312, 1.61282, 1.61294, 0, 0
2012-11-01T05:00:00.000000000Z, 1.61298, 1.61312, 1.61278, 1.61294, 0, 0
2012-11-01T05:30:00.000000000Z, 1.61290, 1.61308, 1.61276, 1.61302, 0, 0
2012-11-01T06:00:00.000000000Z, 1.61304, 1.61332, 1.61298, 1.61330, 0, 0
2012-11-01T06:30:00.000000000Z, 1.61332, 1.61372, 1.61330, 1.61362, 0, 0
2012-11-01T07:00:00.000000000Z, 1.61358, 1.61390, 1.61226, 1.61288, 0, 0
2012-11-01T07:30:00.000000000Z, 1.61284, 1.61328, 1.61214, 1.61316, 0, 0
2012-11-01T08:00:00.000000000Z, 1.61320, 1.61678, 1.61288, 1.61608, 0, 0
2012-11-01T08:30:00.000000000Z, 1.61610, 1.61672, 1.61508, 1.61618, 0, 0
2012-11-01T09:00:00.000000000Z, 1.61622, 1.61640, 1.61466, 1.61469, 0, 0
2012-11-01T09:30:00.000000000Z, 1.61465, 1.61572, 1.61406, 1.61572, 0, 0
2012-11-01T10:00:00.000000000Z, 1.61568, 1.61726, 1.61536, 1.61716, 0, 0
2012-11-01T10:30:00.000000000Z, 1.61718, 1.61750, 1.61658, 1.61668, 0, 0
2012-11-01T11:00:00.000000000Z, 1.61670, 1.61730, 1.61606, 1.61718, 0, 0
2012-11-01T11:30:00.000000000Z, 1.61716, 1.61718, 1.61580, 1.61630, 0, 0
2012-11-01T12:00:00.000000000Z, 1.61628, 1.61648, 1.61492, 1.61522, 0, 0
2012-11-01T12:30:00.000000000Z, 1.61526, 1.61630, 1.61502, 1.61516, 0, 0
2012-11-01T13:00:00.000000000Z, 1.61520, 1.61584, 1.61478, 1.61538, 0, 0
2012-11-01T13:30:00.000000000Z, 1.61534, 1.61580, 1.61468, 1.61519, 0, 0
2012-11-01T14:00:00.000000000Z, 1.61513, 1.61584, 1.61438, 1.61438, 0, 0
2012-11-01T14:30:00.000000000Z, 1.61434, 1.61546, 1.61424, 1.61426, 0, 0
2012-11-01T15:00:00.000000000Z, 1.61430, 1.61434, 1.61258, 1.61282, 0, 0
2012-11-01T15:30:00.000000000Z, 1.61278, 1.61410, 1.61272, 1.61410, 0, 0
2012-11-01T16:00:00.000000000Z, 1.61414, 1.61418, 1.61288, 1.61288, 0, 0
2012-11-01T16:30:00.000000000Z, 1.61292, 1.61374, 1.61284, 1.61364, 0, 0
2012-11-01T17:00:00.000000000Z, 1.61360, 1.61364, 1.61214, 1.61224, 0, 0
2012-11-01T17:30:00.000000000Z, 1.61220, 1.61256, 1.61220, 1.61242, 0, 0
2012-11-01T18:00:00.000000000Z, 1.61244, 1.61260, 1.61228, 1.61248, 0, 0
2012-11-01T18:30:00.000000000Z, 1.61252, 1.61282, 1.61214, 1.61268, 0, 0
2012-11-01T19:00:00.000000000Z, 1.61264, 1.61264, 1.61210, 1.61214, 0, 0
2012-11-01T19:30:00.000000000Z, 1.61216, 1.61244, 1.61206, 1.61244, 0, 0
2012-11-01T20:00:00.000000000Z, 1.61240, 1.61254, 1.61226, 1.61249, 0, 0
2012-11-01T20:30:00.000000000Z, 1.61245, 1.61324, 1.61227, 1.61304, 0, 0
2012-11-01T21:00:00.000000000Z, 1.61302, 1.61336, 1.61248, 1.61295, 0, 0
2012-11-01T21:30:00.000000000Z, 1.61292, 1.61292, 1.61234, 1.61248, 0, 0
2012-11-01T22:00:00.000000000Z, 1.61245, 1.61278, 1.61245, 1.61264, 0, 0
2012-11-01T22:30:00.000000000Z, 1.61268, 1.61332, 1.61256, 1.61316, 0, 0
2012-11-01T23:00:00.000000000Z, 1.61312, 1.61312, 1.61302, 1.61308, 0, 0
2012-11-01T23:30:00.000000000Z, 1.61304, 1.61332, 1.61302, 1.61332, 0, 0
2012-11-02T00:00:00.000000000Z, 1.61330, 1.61330, 1.61220, 1.61252, 0, 0
2012-11-02T00:30:00.000000000Z, 1.61248, 1.61268, 1.61152, 1.61166, 0, 0
2012-11-02T01:00:00.000000000Z, 1.61170, 1.61192, 1.61040, 1.61128, 0, 0
2012-11-02T01:30:00.000000000Z, 1.61126, 1.61144, 1.61108, 1.61132, 0, 0
2012-11-02T02:00:00.000000000Z, 1.61128, 1.61150, 1.61104, 1.61140, 0, 0
2012-11-02T02:30:00.000000000Z, 1.61142, 1.61190, 1.61142, 1.61180, 0, 0
2012-11-02T03:00:00.000000000Z, 1.61176, 1.61216, 1.61166, 1.61202, 0, 0
2012-11-02T03:30:00.000000000Z, 1.61198, 1.61202, 1.61164, 1.61164, 0, 0
2012-11-02T04:00:00.000000000Z, 1.61160, 1.61204, 1.61154, 1.61186, 0, 0
2012-11-02T04:30:00.000000000Z, 1.61190, 1.61202, 1.61116, 1.61116, 0, 0
2012-11-02T05:00:00.000000000Z, 1.61120, 1.61142, 1.61058, 1.61062, 0, 0
2012-11-02T05:30:00.000000000Z, 1.61066, 1.61080, 1.60854, 1.60932, 0, 0
2012-11-02T06:00:00.000000000Z, 1.60928, 1.60972, 1.60862, 1.60940, 0, 0
2012-11-02T06:30:00.000000000Z, 1.60944, 1.60994, 1.60932, 1.60981, 0, 0
2012-11-02T07:00:00.000000000Z, 1.60985, 1.60985, 1.60862, 1.60890, 0, 0
2012-11-02T07:30:00.000000000Z, 1.60894, 1.60972, 1.60862, 1.60960, 0, 0
2012-11-02T08:00:00.000000000Z, 1.60956, 1.60992, 1.60886, 1.60990, 0, 0
2012-11-02T08:30:00.000000000Z, 1.60986, 1.61004, 1.60864, 1.60870, 0, 0
2012-11-02T09:00:00.000000000Z, 1.60868, 1.60958, 1.60798, 1.60898, 0, 0
2012-11-02T09:30:00.000000000Z, 1.60904, 1.61054, 1.60904, 1.60980, 0, 0
2012-11-02T10:00:00.000000000Z, 1.60984, 1.61088, 1.60928, 1.60940, 0, 0
2012-11-02T10:30:00.000000000Z, 1.60936, 1.60994, 1.60924, 1.60924, 0, 0
2012-11-02T11:00:00.000000000Z, 1.60920, 1.60950, 1.60864, 1.60916, 0, 0
2012-11-02T11:30:00.000000000Z, 1.60912, 1.60962, 1.60862, 1.60888, 0, 0
2012-11-02T12:00:00.000000000Z, 1.60892, 1.60944, 1.60778, 1.60804, 0, 0
2012-11-02T12:30:00.000000000Z, 1.60797, 1.60873, 1.60410, 1.60450, 0, 0
2012-11-02T13:00:00.000000000Z, 1.60454, 1.60552, 1.60260, 1.60394, 0, 0
2012-11-02T13:30:00.000000000Z, 1.60388, 1.60416, 1.60266, 1.60410, 0, 0
2012-11-02T14:00:00.000000000Z, 1.60416, 1.60502, 1.60342, 1.60410, 0, 0
2012-11-02T14:30:00.000000000Z, 1.60408, 1.60456, 1.60318, 1.60456, 0, 0
2012-11-02T15:00:00.000000000Z, 1.60452, 1.60474, 1.60286, 1.60322, 0, 0
2012-11-02T15:30:00.000000000Z, 1.60320, 1.60411, 1.60266, 1.60384, 0, 0
2012-11-02T16:00:00.000000000Z, 1.60388, 1.60411, 1.60282, 1.60329, 0, 0
2012-11-02T16:30:00.000000000Z, 1.60325, 1.60332, 1.60275, 1.60275, 0, 0
2012-11-02T17:00:00.000000000Z, 1.60278, 1.60380, 1.60278, 1.60363, 0, 0
2012-11-02T17:30:00.000000000Z, 1.60366, 1.60445, 1.60329, 1.60332, 0, 0
2012-11-02T18:00:00.000000000Z, 1.60336, 1.60380, 1.60313, 1.60361, 0, 0
2012-11-02T18:30:00.000000000Z, 1.60357, 1.60357, 1.60191, 1.60207, 0, 0
2012-11-02T19:00:00.000000000Z, 1.60210, 1.60210, 1.60115, 1.60126, 0, 0
2012-11-02T19:30:00.000000000Z, 1.60122, 1.60190, 1.60081, 1.60179, 0, 0
2012-11-02T20:00:00.000000000Z, 1.60179, 1.60296, 1.60167, 1.60210, 0, 0
2012-11-02T20:30:00.000000000Z, 1.60206, 1.60279, 1.60150, 1.60242, 0, 0
2012-11-02T21:30:00.000000000Z, 1.60242, 1.60242, 1.60242, 1.60242, 0, 0
2012-11-04T20:00:00.000000000Z, 1.60102, 1.60102, 1.60102, 1.60102, 0, 0
2012-11-04T20:30:00.000000000Z, 1.60109, 1.60117, 1.60102, 1.60102, 0, 0
2012-11-04T21:00:00.000000000Z, 1.60096, 1.60212, 1.60096, 1.60136, 0, 0
2012-11-04T21:30:00.000000000Z, 1.60141, 1.60202, 1.60089, 1.60118, 0, 0
2012-11-04T22:00:00.000000000Z, 1.60124, 1.60172, 1.60113, 1.60153, 0, 0
2012-11-04T22:30:00.000000000Z, 1.60159, 1.60222, 1.60159, 1.60195, 0, 0
2012-11-04T23:00:00.000000000Z, 1.60191, 1.60224, 1.60170, 1.60216, 0, 0
2012-11-04T23:30:00.000000000Z, 1.60220, 1.60220, 1.60176, 1.60186, 0, 0
2012-11-05T00:00:00.000000000Z, 1.60190, 1.60209, 1.60172, 1.60209, 0, 0
2012-11-05T00:30:00.000000000Z, 1.60213, 1.60228, 1.60191, 1.60207, 0, 0
2012-11-05T01:00:00.000000000Z, 1.60203, 1.60218, 1.60176, 1.60214, 0, 0
2012-11-05T01:30:00.000000000Z, 1.60218, 1.60302, 1.60218, 1.60268, 0, 0
2012-11-05T02:00:00.000000000Z, 1.60272, 1.60280, 1.60238, 1.60258, 0, 0
2012-11-05T02:30:00.000000000Z, 1.60254, 1.60258, 1.60192, 1.60196, 0, 0
2012-11-05T03:00:00.000000000Z, 1.60192, 1.60210, 1.60182, 1.60190, 0, 0
2012-11-05T03:30:00.000000000Z, 1.60192, 1.60278, 1.60192, 1.60274, 0, 0
2012-11-05T04:00:00.000000000Z, 1.60278, 1.60300, 1.60250, 1.60258, 0, 0
2012-11-05T04:30:00.000000000Z, 1.60260, 1.60296, 1.60260, 1.60278, 0, 0
2012-11-05T05:00:00.000000000Z, 1.60282, 1.60314, 1.60278, 1.60312, 0, 0
2012-11-05T05:30:00.000000000Z, 1.60308, 1.60318, 1.60308, 1.60312, 0, 0
2012-11-05T06:00:00.000000000Z, 1.60314, 1.60360, 1.60308, 1.60326, 0, 0
2012-11-05T06:30:00.000000000Z, 1.60328, 1.60350, 1.60278, 1.60340, 0, 0
2012-11-05T07:00:00.000000000Z, 1.60336, 1.60394, 1.60288, 1.60298, 0, 0
2012-11-05T07:30:00.000000000Z, 1.60302, 1.60320, 1.60106, 1.60146, 0, 0
2012-11-05T08:00:00.000000000Z, 1.60142, 1.60146, 1.59892, 1.59902, 0, 0
2012-11-05T08:30:00.000000000Z, 1.59906, 1.60048, 1.59898, 1.59988, 0, 0
2012-11-05T09:00:00.000000000Z, 1.59984, 1.59984, 1.59846, 1.59908, 0, 0
2012-11-05T09:30:00.000000000Z, 1.59904, 1.59908, 1.59754, 1.59766, 0, 0
2012-11-05T10:00:00.000000000Z, 1.59762, 1.59838, 1.59622, 1.59692, 0, 0
2012-11-05T10:30:00.000000000Z, 1.59688, 1.59810, 1.59678, 1.59780, 0, 0
2012-11-05T11:00:00.000000000Z, 1.59784, 1.59842, 1.59662, 1.59708, 0, 0
2012-11-05T11:30:00.000000000Z, 1.59704, 1.59762, 1.59636, 1.59762, 0, 0
2012-11-05T12:00:00.000000000Z, 1.59758, 1.59806, 1.59710, 1.59722, 0, 0
2012-11-05T12:30:00.000000000Z, 1.59718, 1.59780, 1.59654, 1.59754, 0, 0
2012-11-05T13:00:00.000000000Z, 1.59758, 1.59772, 1.59682, 1.59718, 0, 0
2012-11-05T13:30:00.000000000Z, 1.59716, 1.59808, 1.59716, 1.59750, 0, 0
2012-11-05T14:00:00.000000000Z, 1.59752, 1.59772, 1.59674, 1.59678, 0, 0
2012-11-05T14:30:00.000000000Z, 1.59674, 1.59722, 1.59580, 1.59635, 0, 0
2012-11-05T15:00:00.000000000Z, 1.59641, 1.59702, 1.59576, 1.59576, 0, 0
2012-11-05T15:30:00.000000000Z, 1.59580, 1.59810, 1.59576, 1.59732, 0, 0
2012-11-05T16:00:00.000000000Z, 1.59728, 1.59820, 1.59710, 1.59710, 0, 0
2012-11-05T16:30:00.000000000Z, 1.59712, 1.59774, 1.59634, 1.59762, 0, 0
2012-11-05T17:00:00.000000000Z, 1.59758, 1.59758, 1.59630, 1.59638, 0, 0
2012-11-05T17:30:00.000000000Z, 1.59642, 1.59656, 1.59610, 1.59644, 0, 0
2012-11-05T18:00:00.000000000Z, 1.59648, 1.59684, 1.59628, 1.59630, 0, 0
2012-11-05T18:30:00.000000000Z, 1.59634, 1.59692, 1.59630, 1.59674, 0, 0
2012-11-05T19:00:00.000000000Z, 1.59678, 1.59732, 1.59678, 1.59732, 0, 0
2012-11-05T19:30:00.000000000Z, 1.59736, 1.59738, 1.59674, 1.59716, 0, 0
2012-11-05T20:00:00.000000000Z, 1.59720, 1.59742, 1.59716, 1.59726, 0, 0
2012-11-05T20:30:00.000000000Z, 1.59730, 1.59776, 1.59726, 1.59758, 0, 0
2012-11-05T21:00:00.000000000Z, 1.59754, 1.59784, 1.59740, 1.59784, 0, 0
2012-11-05T21:30:00.000000000Z, 1.59780, 1.59800, 1.59764, 1.59790, 0, 0
2012-11-05T22:00:00.000000000Z, 1.59794, 1.59798, 1.59776, 1.59776, 0, 0
2012-11-05T22:30:00.000000000Z, 1.59772, 1.59808, 1.59742, 1.59801, 0, 0
2012-11-05T23:00:00.000000000Z, 1.59797, 1.59822, 1.59794, 1.59822, 0, 0
2012-11-05T23:30:00.000000000Z, 1.59818, 1.59850, 1.59815, 1.59847, 0, 0
2012-11-06T00:00:00.000000000Z, 1.59850, 1.59850, 1.59772, 1.59814, 0, 0
2012-11-06T00:30:00.000000000Z, 1.59812, 1.59814, 1.59762, 1.59766, 0, 0
2012-11-06T01:00:00.000000000Z, 1.59762, 1.59770, 1.59744, 1.59770, 0, 0
2012-11-06T01:30:00.000000000Z, 1.59766, 1.59798, 1.59750, 1.59786, 0, 0
2012-11-06T02:00:00.000000000Z, 1.59784, 1.59784, 1.59718, 1.59722, 0, 0
2012-11-06T02:30:00.000000000Z, 1.59718, 1.59762, 1.59712, 1.59762, 0, 0
2012-11-06T03:00:00.000000000Z, 1.59766, 1.59766, 1.59730, 1.59766, 0, 0
2012-11-06T03:30:00.000000000Z, 1.59769, 1.59886, 1.59750, 1.59864, 0, 0
2012-11-06T04:00:00.000000000Z, 1.59868, 1.59902, 1.59846, 1.59864, 0, 0
2012-11-06T04:30:00.000000000Z, 1.59868, 1.59886, 1.59846, 1.59882, 0, 0
2012-11-06T05:00:00.000000000Z, 1.59878, 1.59910, 1.59864, 1.59878, 0, 0
2012-11-06T05:30:00.000000000Z, 1.59882, 1.59888, 1.59852, 1.59852, 0, 0
2012-11-06T06:00:00.000000000Z, 1.59856, 1.59926, 1.59848, 1.59918, 0, 0
2012-11-06T06:30:00.000000000Z, 1.59922, 1.59974, 1.59916, 1.59956, 0, 0
2012-11-06T07:00:00.000000000Z, 1.59952, 1.59978, 1.59872, 1.59894, 0, 0
2012-11-06T07:30:00.000000000Z, 1.59892, 1.59936, 1.59852, 1.59858, 0, 0
2012-11-06T08:00:00.000000000Z, 1.59854, 1.59886, 1.59780, 1.59786, 0, 0
2012-11-06T08:30:00.000000000Z, 1.59784, 1.59842, 1.59732, 1.59774, 0, 0
2012-11-06T09:00:00.000000000Z, 1.59770, 1.59818, 1.59712, 1.59757, 0, 0
2012-11-06T09:30:00.000000000Z, 1.59746, 1.59865, 1.59645, 1.59746, 0, 0
2012-11-06T10:00:00.000000000Z, 1.59742, 1.59870, 1.59716, 1.59798, 0, 0
2012-11-06T10:30:00.000000000Z, 1.59800, 1.59814, 1.59744, 1.59750, 0, 0
2012-11-06T11:00:00.000000000Z, 1.59746, 1.59804, 1.59664, 1.59804, 0, 0
2012-11-06T11:30:00.000000000Z, 1.59800, 1.59906, 1.59786, 1.59804, 0, 0
2012-11-06T12:00:00.000000000Z, 1.59808, 1.59894, 1.59804, 1.59860, 0, 0
2012-11-06T12:30:00.000000000Z, 1.59864, 1.59876, 1.59786, 1.59794, 0, 0
2012-11-06T13:00:00.000000000Z, 1.59798, 1.59834, 1.59762, 1.59790, 0, 0
2012-11-06T13:30:00.000000000Z, 1.59794, 1.59834, 1.59766, 1.59798, 0, 0
2012-11-06T14:00:00.000000000Z, 1.59800, 1.59902, 1.59772, 1.59784, 0, 0
2012-11-06T14:30:00.000000000Z, 1.59780, 1.59854, 1.59760, 1.59854, 0, 0
2012-11-06T15:00:00.000000000Z, 1.59858, 1.59858, 1.59756, 1.59794, 0, 0
2012-11-06T15:30:00.000000000Z, 1.59798, 1.59868, 1.59798, 1.59818, 0, 0
2012-11-06T16:00:00.000000000Z, 1.59820, 1.59842, 1.59804, 1.59818, 0, 0
2012-11-06T16:30:00.000000000Z, 1.59814, 1.59946, 1.59814, 1.59834, 0, 0
2012-11-06T17:00:00.000000000Z, 1.59838, 1.59886, 1.59804, 1.59868, 0, 0
2012-11-06T17:30:00.000000000Z, 1.59872, 1.59912, 1.59848, 1.59884, 0, 0
2012-11-06T18:00:00.000000000Z, 1.59880, 1.59980, 1.59880, 1.59976, 0, 0
2012-11-06T18:30:00.000000000Z, 1.59974, 1.60072, 1.59966, 1.60048, 0, 0
2012-11-06T19:00:00.000000000Z, 1.60052, 1.60078, 1.60010, 1.60018, 0, 0
2012-11-06T19:30:00.000000000Z, 1.60022, 1.60024, 1.59930, 1.59940, 0, 0
2012-11-06T20:00:00.000000000Z, 1.59944, 1.59984, 1.59934, 1.59946, 0, 0
2012-11-06T20:30:00.000000000Z, 1.59948, 1.60044, 1.59938, 1.60036, 0, 0
2012-11-06T21:00:00.000000000Z, 1.60032, 1.60061, 1.60023, 1.60045, 0, 0
2012-11-06T21:30:00.000000000Z, 1.60041, 1.60041, 1.59966, 1.59966, 0, 0
2012-11-06T22:00:00.000000000Z, 1.59970, 1.60010, 1.59946, 1.59963, 0, 0
2012-11-06T22:30:00.000000000Z, 1.59959, 1.59959, 1.59929, 1.59932, 0, 0
2012-11-06T23:00:00.000000000Z, 1.59936, 1.59944, 1.59909, 1.59929, 0, 0
2012-11-06T23:30:00.000000000Z, 1.59932, 1.59943, 1.59899, 1.59899, 0, 0
2012-11-07T00:00:00.000000000Z, 1.59896, 1.59896, 1.59838, 1.59844, 0, 0
2012-11-07T00:30:00.000000000Z, 1.59840, 1.59840, 1.59708, 1.59758, 0, 0
2012-11-07T01:00:00.000000000Z, 1.59754, 1.59754, 1.59694, 1.59732, 0, 0
2012-11-07T01:30:00.000000000Z, 1.59736, 1.59736, 1.59686, 1.59716, 0, 0
2012-11-07T02:00:00.000000000Z, 1.59712, 1.59736, 1.59698, 1.59726, 0, 0
2012-11-07T02:30:00.000000000Z, 1.59722, 1.59996, 1.59698, 1.59954, 0, 0
2012-11-07T03:00:00.000000000Z, 1.59950, 1.60068, 1.59922, 1.60050, 0, 0
2012-11-07T03:30:00.000000000Z, 1.60054, 1.60166, 1.59990, 1.60126, 0, 0
2012-11-07T04:00:00.000000000Z, 1.60130, 1.60370, 1.60130, 1.60256, 0, 0
2012-11-07T04:30:00.000000000Z, 1.60260, 1.60328, 1.60230, 1.60282, 0, 0
2012-11-07T05:00:00.000000000Z, 1.60278, 1.60345, 1.60233, 1.60297, 0, 0
2012-11-07T05:30:00.000000000Z, 1.60293, 1.60343, 1.60260, 1.60321, 0, 0
2012-11-07T06:00:00.000000000Z, 1.60325, 1.60360, 1.60275, 1.60342, 0, 0
2012-11-07T06:30:00.000000000Z, 1.60340, 1.60386, 1.60292, 1.60300, 0, 0
2012-11-07T07:00:00.000000000Z, 1.60302, 1.60360, 1.60258, 1.60304, 0, 0
2012-11-07T07:30:00.000000000Z, 1.60308, 1.60424, 1.60288, 1.60288, 0, 0
2012-11-07T08:00:00.000000000Z, 1.60284, 1.60326, 1.60180, 1.60210, 0, 0
2012-11-07T08:30:00.000000000Z, 1.60206, 1.60254, 1.60150, 1.60210, 0, 0
2012-11-07T09:00:00.000000000Z, 1.60214, 1.60224, 1.59994, 1.60104, 0, 0
2012-11-07T09:30:00.000000000Z, 1.60102, 1.60186, 1.60052, 1.60090, 0, 0
2012-11-07T10:00:00.000000000Z, 1.60086, 1.60146, 1.60042, 1.60124, 0, 0
2012-11-07T10:30:00.000000000Z, 1.60128, 1.60160, 1.60014, 1.60056, 0, 0
2012-11-07T11:00:00.000000000Z, 1.60052, 1.60052, 1.59864, 1.59936, 0, 0
2012-11-07T11:30:00.000000000Z, 1.59940, 1.59976, 1.59866, 1.59966, 0, 0
2012-11-07T12:00:00.000000000Z, 1.59962, 1.59964, 1.59704, 1.59722, 0, 0
2012-11-07T12:30:00.000000000Z, 1.59718, 1.59794, 1.59636, 1.59762, 0, 0
2012-11-07T13:00:00.000000000Z, 1.59758, 1.59780, 1.59546, 1.59690, 0, 0
2012-11-07T13:30:00.000000000Z, 1.59686, 1.59740, 1.59616, 1.59650, 0, 0
2012-11-07T14:00:00.000000000Z, 1.59654, 1.59834, 1.59608, 1.59760, 0, 0
2012-11-07T14:30:00.000000000Z, 1.59756, 1.59912, 1.59732, 1.59868, 0, 0
2012-11-07T15:00:00.000000000Z, 1.59866, 1.59876, 1.59674, 1.59746, 0, 0
2012-11-07T15:30:00.000000000Z, 1.59742, 1.59892, 1.59738, 1.59874, 0, 0
2012-11-07T16:00:00.000000000Z, 1.59872, 1.60044, 1.59776, 1.59786, 0, 0
2012-11-07T16:30:00.000000000Z, 1.59790, 1.59806, 1.59704, 1.59738, 0, 0
2012-11-07T17:00:00.000000000Z, 1.59742, 1.59804, 1.59694, 1.59758, 0, 0
2012-11-07T17:30:00.000000000Z, 1.59762, 1.59830, 1.59754, 1.59788, 0, 0
2012-11-07T18:00:00.000000000Z, 1.59784, 1.59860, 1.59778, 1.59806, 0, 0
2012-11-07T18:30:00.000000000Z, 1.59804, 1.59832, 1.59792, 1.59814, 0, 0
2012-11-07T19:00:00.000000000Z, 1.59818, 1.59916, 1.59814, 1.59909, 0, 0
2012-11-07T19:30:00.000000000Z, 1.59905, 1.59905, 1.59821, 1.59871, 0, 0
2012-11-07T20:00:00.000000000Z, 1.59875, 1.59946, 1.59837, 1.59903, 0, 0
2012-11-07T20:30:00.000000000Z, 1.59899, 1.59904, 1.59837, 1.59851, 0, 0
2012-11-07T21:00:00.000000000Z, 1.59848, 1.59904, 1.59833, 1.59892, 0, 0
2012-11-07T21:30:00.000000000Z, 1.59889, 1.59918, 1.59820, 1.59850, 0, 0
2012-11-07T22:00:00.000000000Z, 1.59846, 1.59930, 1.59839, 1.59878, 0, 0
2012-11-07T22:30:00.000000000Z, 1.59875, 1.59877, 1.59802, 1.59827, 0, 0
2012-11-07T23:00:00.000000000Z, 1.59831, 1.59853, 1.59795, 1.59795, 0, 0
2012-11-07T23:30:00.000000000Z, 1.59799, 1.59805, 1.59758, 1.59766, 0, 0
2012-11-08T00:00:00.000000000Z, 1.59770, 1.59770, 1.59702, 1.59707, 0, 0
2012-11-08T00:30:00.000000000Z, 1.59711, 1.59790, 1.59711, 1.59780, 0, 0
2012-11-08T01:00:00.000000000Z, 1.59783, 1.59831, 1.59783, 1.59821, 0, 0
2012-11-08T01:30:00.000000000Z, 1.59824, 1.59831, 1.59753, 1.59758, 0, 0
2012-11-08T02:00:00.000000000Z, 1.59762, 1.59824, 1.59742, 1.59795, 0, 0
2012-11-08T02:30:00.000000000Z, 1.59799, 1.59824, 1.59768, 1.59804, 0, 0
2012-11-08T03:00:00.000000000Z, 1.59800, 1.59817, 1.59783, 1.59790, 0, 0
2012-11-08T03:30:00.000000000Z, 1.59794, 1.59830, 1.59738, 1.59786, 0, 0
2012-11-08T04:00:00.000000000Z, 1.59782, 1.59782, 1.59707, 1.59732, 0, 0
2012-11-08T04:30:00.000000000Z, 1.59728, 1.59786, 1.59722, 1.59786, 0, 0
2012-11-08T05:00:00.000000000Z, 1.59784, 1.59798, 1.59738, 1.59792, 0, 0
2012-11-08T05:30:00.000000000Z, 1.59794, 1.59798, 1.59766, 1.59770, 0, 0
2012-11-08T06:00:00.000000000Z, 1.59766, 1.59840, 1.59766, 1.59812, 0, 0
2012-11-08T06:30:00.000000000Z, 1.59814, 1.59902, 1.59814, 1.59834, 0, 0
2012-11-08T07:00:00.000000000Z, 1.59830, 1.59872, 1.59806, 1.59866, 0, 0
2012-11-08T07:30:00.000000000Z, 1.59868, 1.59894, 1.59820, 1.59846, 0, 0
2012-11-08T08:00:00.000000000Z, 1.59842, 1.59894, 1.59698, 1.59716, 0, 0
2012-11-08T08:30:00.000000000Z, 1.59712, 1.59784, 1.59710, 1.59770, 0, 0
2012-11-08T09:00:00.000000000Z, 1.59774, 1.59814, 1.59674, 1.59714, 0, 0
2012-11-08T09:30:00.000000000Z, 1.59710, 1.59710, 1.59404, 1.59454, 0, 0
2012-11-08T10:00:00.000000000Z, 1.59458, 1.59506, 1.59308, 1.59308, 0, 0
2012-11-08T10:30:00.000000000Z, 1.59304, 1.59456, 1.59294, 1.59428, 0, 0
2012-11-08T11:00:00.000000000Z, 1.59424, 1.59530, 1.59366, 1.59516, 0, 0
2012-11-08T11:30:00.000000000Z, 1.59520, 1.59572, 1.59492, 1.59509, 0, 0
2012-11-08T12:00:00.000000000Z, 1.59502, 1.59896, 1.59493, 1.59874, 0, 0
2012-11-08T12:30:00.000000000Z, 1.59872, 1.60048, 1.59872, 1.59946, 0, 0
2012-11-08T13:00:00.000000000Z, 1.59942, 1.59942, 1.59792, 1.59810, 0, 0
2012-11-08T13:30:00.000000000Z, 1.59817, 1.59998, 1.59738, 1.59958, 0, 0
2012-11-08T14:00:00.000000000Z, 1.59962, 1.59984, 1.59830, 1.59838, 0, 0
2012-11-08T14:30:00.000000000Z, 1.59834, 1.59928, 1.59826, 1.59874, 0, 0
2012-11-08T15:00:00.000000000Z, 1.59878, 1.59910, 1.59776, 1.59798, 0, 0
2012-11-08T15:30:00.000000000Z, 1.59794, 1.59848, 1.59686, 1.59706, 0, 0
2012-11-08T16:00:00.000000000Z, 1.59702, 1.59801, 1.59685, 1.59776, 0, 0
2012-11-08T16:30:00.000000000Z, 1.59780, 1.59839, 1.59753, 1.59772, 0, 0
2012-11-08T17:00:00.000000000Z, 1.59776, 1.59805, 1.59727, 1.59801, 0, 0
2012-11-08T17:30:00.000000000Z, 1.59805, 1.59809, 1.59715, 1.59763, 0, 0
2012-11-08T18:00:00.000000000Z, 1.59767, 1.59851, 1.59730, 1.59746, 0, 0
2012-11-08T18:30:00.000000000Z, 1.59742, 1.59839, 1.59730, 1.59812, 0, 0
2012-11-08T19:00:00.000000000Z, 1.59816, 1.59816, 1.59738, 1.59778, 0, 0
2012-11-08T19:30:00.000000000Z, 1.59774, 1.59828, 1.59746, 1.59797, 0, 0
2012-11-08T20:00:00.000000000Z, 1.59801, 1.59813, 1.59772, 1.59794, 0, 0
2012-11-08T20:30:00.000000000Z, 1.59790, 1.59797, 1.59737, 1.59738, 0, 0
2012-11-08T21:00:00.000000000Z, 1.59734, 1.59843, 1.59726, 1.59836, 0, 0
2012-11-08T21:30:00.000000000Z, 1.59840, 1.59854, 1.59795, 1.59854, 0, 0
2012-11-08T22:00:00.000000000Z, 1.59848, 1.59926, 1.59772, 1.59780, 0, 0
2012-11-08T22:30:00.000000000Z, 1.59783, 1.59800, 1.59776, 1.59800, 0, 0
2012-11-08T23:00:00.000000000Z, 1.59803, 1.59814, 1.59767, 1.59787, 0, 0
2012-11-08T23:30:00.000000000Z, 1.59791, 1.59795, 1.59748, 1.59755, 0, 0
2012-11-09T00:00:00.000000000Z, 1.59759, 1.59814, 1.59732, 1.59740, 0, 0
2012-11-09T00:30:00.000000000Z, 1.59736, 1.59772, 1.59702, 1.59710, 0, 0
2012-11-09T01:00:00.000000000Z, 1.59706, 1.59794, 1.59696, 1.59772, 0, 0
2012-11-09T01:30:00.000000000Z, 1.59776, 1.59872, 1.59776, 1.59848, 0, 0
2012-11-09T02:00:00.000000000Z, 1.59844, 1.59868, 1.59820, 1.59826, 0, 0
2012-11-09T02:30:00.000000000Z, 1.59830, 1.59994, 1.59830, 1.59962, 0, 0
2012-11-09T03:00:00.000000000Z, 1.59966, 1.60136, 1.59966, 1.60112, 0, 0
2012-11-09T03:30:00.000000000Z, 1.60108, 1.60130, 1.60074, 1.60082, 0, 0
2012-11-09T04:00:00.000000000Z, 1.60084, 1.60116, 1.60068, 1.60072, 0, 0
2012-11-09T04:30:00.000000000Z, 1.60068, 1.60100, 1.60062, 1.60072, 0, 0
2012-11-09T05:00:00.000000000Z, 1.60076, 1.60166, 1.60068, 1.60166, 0, 0
2012-11-09T05:30:00.000000000Z, 1.60162, 1.60194, 1.59998, 1.60032, 0, 0
2012-11-09T06:00:00.000000000Z, 1.60028, 1.60082, 1.60018, 1.60040, 0, 0
2012-11-09T06:30:00.000000000Z, 1.60036, 1.60082, 1.60032, 1.60040, 0, 0
2012-11-09T07:00:00.000000000Z, 1.60036, 1.60040, 1.59926, 1.59926, 0, 0
2012-11-09T07:30:00.000000000Z, 1.59922, 1.59922, 1.59786, 1.59840, 0, 0
2012-11-09T08:00:00.000000000Z, 1.59838, 1.59868, 1.59738, 1.59770, 0, 0
2012-11-09T08:30:00.000000000Z, 1.59766, 1.59772, 1.59620, 1.59674, 0, 0
2012-11-09T09:00:00.000000000Z, 1.59670, 1.59734, 1.59622, 1.59712, 0, 0
2012-11-09T09:30:00.000000000Z, 1.59720, 1.59852, 1.59712, 1.59762, 0, 0
2012-11-09T10:00:00.000000000Z, 1.59766, 1.59776, 1.59596, 1.59624, 0, 0
2012-11-09T10:30:00.000000000Z, 1.59622, 1.59648, 1.59432, 1.59502, 0, 0
2012-11-09T11:00:00.000000000Z, 1.59500, 1.59542, 1.59426, 1.59492, 0, 0
2012-11-09T11:30:00.000000000Z, 1.59488, 1.59552, 1.59454, 1.59454, 0, 0
2012-11-09T12:00:00.000000000Z, 1.59452, 1.59468, 1.59332, 1.59428, 0, 0
2012-11-09T12:30:00.000000000Z, 1.59424, 1.59424, 1.59234, 1.59248, 0, 0
2012-11-09T13:00:00.000000000Z, 1.59244, 1.59250, 1.59106, 1.59140, 0, 0
2012-11-09T13:30:00.000000000Z, 1.59142, 1.59240, 1.59046, 1.59092, 0, 0
2012-11-09T14:00:00.000000000Z, 1.59088, 1.59264, 1.59072, 1.59264, 0, 0
2012-11-09T14:30:00.000000000Z, 1.59268, 1.59312, 1.59208, 1.59244, 0, 0
2012-11-09T15:00:00.000000000Z, 1.59240, 1.59400, 1.59218, 1.59238, 0, 0
2012-11-09T15:30:00.000000000Z, 1.59234, 1.59258, 1.59034, 1.59102, 0, 0
2012-11-09T16:00:00.000000000Z, 1.59106, 1.59184, 1.59070, 1.59072, 0, 0
2012-11-09T16:30:00.000000000Z, 1.59074, 1.59140, 1.59060, 1.59114, 0, 0
2012-11-09T17:00:00.000000000Z, 1.59118, 1.59190, 1.59110, 1.59154, 0, 0
2012-11-09T17:30:00.000000000Z, 1.59150, 1.59162, 1.59102, 1.59162, 0, 0
2012-11-09T18:00:00.000000000Z, 1.59160, 1.59180, 1.59086, 1.59098, 0, 0
2012-11-09T18:30:00.000000000Z, 1.59102, 1.59122, 1.58874, 1.58970, 0, 0
2012-11-09T19:00:00.000000000Z, 1.58972, 1.59022, 1.58918, 1.59000, 0, 0
2012-11-09T19:30:00.000000000Z, 1.59004, 1.59058, 1.58990, 1.59030, 0, 0
2012-11-09T20:00:00.000000000Z, 1.59034, 1.59048, 1.59018, 1.59044, 0, 0
2012-11-09T20:30:00.000000000Z, 1.59040, 1.59040, 1.58962, 1.58966, 0, 0
2012-11-09T21:00:00.000000000Z, 1.58970, 1.59011, 1.58961, 1.58974, 0, 0
2012-11-09T21:30:00.000000000Z, 1.58970, 1.59012, 1.58942, 1.58969, 0, 0
2012-11-09T22:00:00.000000000Z, 1.58969, 1.58969, 1.58969, 1.58969, 0, 0
2012-11-11T20:00:00.000000000Z, 1.58979, 1.59004, 1.58959, 1.58995, 0, 0
2012-11-11T20:30:00.000000000Z, 1.58988, 1.59037, 1.58988, 1.59037, 0, 0
2012-11-11T21:00:00.000000000Z, 1.59031, 1.59043, 1.59030, 1.59037, 0, 0
2012-11-11T22:00:00.000000000Z, 1.59037, 1.59065, 1.59027, 1.59046, 0, 0
2012-11-11T22:30:00.000000000Z, 1.59051, 1.59051, 1.59036, 1.59040, 0, 0
2012-11-11T23:00:00.000000000Z, 1.59040, 1.59066, 1.59020, 1.59028, 0, 0
2012-11-11T23:30:00.000000000Z, 1.59024, 1.59052, 1.58916, 1.58926, 0, 0
2012-11-12T00:00:00.000000000Z, 1.58922, 1.58963, 1.58912, 1.58963, 0, 0
2012-11-12T00:30:00.000000000Z, 1.58960, 1.59023, 1.58948, 1.59009, 0, 0
2012-11-12T01:00:00.000000000Z, 1.59005, 1.59024, 1.58970, 1.58984, 0, 0
2012-11-12T01:30:00.000000000Z, 1.58978, 1.59014, 1.58938, 1.58984, 0, 0
2012-11-12T02:00:00.000000000Z, 1.58978, 1.59028, 1.58952, 1.59028, 0, 0
2012-11-12T02:30:00.000000000Z, 1.59032, 1.59060, 1.59028, 1.59048, 0, 0
2012-11-12T03:00:00.000000000Z, 1.59052, 1.59056, 1.59038, 1.59048, 0, 0
2012-11-12T03:30:00.000000000Z, 1.59046, 1.59046, 1.58996, 1.59044, 0, 0
2012-11-12T04:00:00.000000000Z, 1.59048, 1.59092, 1.59048, 1.59092, 0, 0
2012-11-12T04:30:00.000000000Z, 1.59094, 1.59106, 1.59088, 1.59102, 0, 0
2012-11-12T05:00:00.000000000Z, 1.59098, 1.59102, 1.59084, 1.59098, 0, 0
2012-11-12T05:30:00.000000000Z, 1.59094, 1.59122, 1.59088, 1.59116, 0, 0
2012-11-12T06:00:00.000000000Z, 1.59112, 1.59126, 1.59088, 1.59094, 0, 0
2012-11-12T06:30:00.000000000Z, 1.59098, 1.59148, 1.59098, 1.59130, 0, 0
2012-11-12T07:00:00.000000000Z, 1.59126, 1.59126, 1.58958, 1.59012, 0, 0
2012-11-12T07:30:00.000000000Z, 1.59014, 1.59034, 1.58962, 1.58964, 0, 0
2012-11-12T08:00:00.000000000Z, 1.58966, 1.59010, 1.58812, 1.58974, 0, 0
2012-11-12T08:30:00.000000000Z, 1.58978, 1.58992, 1.58808, 1.58848, 0, 0
2012-11-12T09:00:00.000000000Z, 1.58844, 1.58958, 1.58794, 1.58954, 0, 0
2012-11-12T09:30:00.000000000Z, 1.58958, 1.58958, 1.58836, 1.58836, 0, 0
2012-11-12T10:00:00.000000000Z, 1.58840, 1.59088, 1.58840, 1.59018, 0, 0
2012-11-12T10:30:00.000000000Z, 1.59020, 1.59068, 1.58944, 1.58962, 0, 0
2012-11-12T11:00:00.000000000Z, 1.58958, 1.59020, 1.58834, 1.58862, 0, 0
2012-11-12T11:30:00.000000000Z, 1.58858, 1.58858, 1.58710, 1.58764, 0, 0
2012-11-12T12:00:00.000000000Z, 1.58760, 1.58808, 1.58698, 1.58772, 0, 0
2012-11-12T12:30:00.000000000Z, 1.58768, 1.58816, 1.58696, 1.58696, 0, 0
2012-11-12T13:00:00.000000000Z, 1.58700, 1.58794, 1.58660, 1.58740, 0, 0
2012-11-12T13:30:00.000000000Z, 1.58736, 1.58790, 1.58716, 1.58756, 0, 0
2012-11-12T14:00:00.000000000Z, 1.58760, 1.58790, 1.58740, 1.58760, 0, 0
2012-11-12T14:30:00.000000000Z, 1.58756, 1.58844, 1.58756, 1.58780, 0, 0
2012-11-12T15:00:00.000000000Z, 1.58776, 1.58824, 1.58736, 1.58822, 0, 0
2012-11-12T15:30:00.000000000Z, 1.58818, 1.58844, 1.58652, 1.58672, 0, 0
2012-11-12T16:00:00.000000000Z, 1.58676, 1.58744, 1.58668, 1.58680, 0, 0
2012-11-12T16:30:00.000000000Z, 1.58682, 1.58730, 1.58644, 1.58694, 0, 0
2012-11-12T17:00:00.000000000Z, 1.58692, 1.58712, 1.58680, 1.58698, 0, 0
2012-11-12T17:30:00.000000000Z, 1.58702, 1.58756, 1.58702, 1.58756, 0, 0
2012-11-12T18:00:00.000000000Z, 1.58752, 1.58776, 1.58740, 1.58774, 0, 0
2012-11-12T18:30:00.000000000Z, 1.58776, 1.58780, 1.58758, 1.58774, 0, 0
2012-11-12T19:00:00.000000000Z, 1.58770, 1.58784, 1.58748, 1.58774, 0, 0
2012-11-12T19:30:00.000000000Z, 1.58776, 1.58802, 1.58762, 1.58798, 0, 0
2012-11-12T20:00:00.000000000Z, 1.58802, 1.58824, 1.58802, 1.58810, 0, 0
2012-11-12T20:30:00.000000000Z, 1.58814, 1.58856, 1.58802, 1.58845, 0, 0
2012-11-12T21:00:00.000000000Z, 1.58841, 1.58841, 1.58800, 1.58800, 0, 0
2012-11-12T21:30:00.000000000Z, 1.58797, 1.58807, 1.58756, 1.58774, 0, 0
2012-11-12T22:00:00.000000000Z, 1.58780, 1.58784, 1.58746, 1.58761, 0, 0
2012-11-12T22:30:00.000000000Z, 1.58760, 1.58781, 1.58744, 1.58773, 0, 0
2012-11-12T23:00:00.000000000Z, 1.58770, 1.58770, 1.58718, 1.58757, 0, 0
2012-11-12T23:30:00.000000000Z, 1.58760, 1.58767, 1.58743, 1.58750, 0, 0
2012-11-13T00:00:00.000000000Z, 1.58753, 1.58767, 1.58678, 1.58700, 0, 0
2012-11-13T00:30:00.000000000Z, 1.58702, 1.58714, 1.58632, 1.58668, 0, 0
2012-11-13T01:00:00.000000000Z, 1.58664, 1.58722, 1.58620, 1.58706, 0, 0
2012-11-13T01:30:00.000000000Z, 1.58710, 1.58730, 1.58630, 1.58646, 0, 0
2012-11-13T02:00:00.000000000Z, 1.58642, 1.58672, 1.58618, 1.58642, 0, 0
2012-11-13T02:30:00.000000000Z, 1.58646, 1.58662, 1.58618, 1.58648, 0, 0
2012-11-13T03:00:00.000000000Z, 1.58644, 1.58668, 1.58616, 1.58646, 0, 0
2012-11-13T03:30:00.000000000Z, 1.58642, 1.58678, 1.58632, 1.58672, 0, 0
2012-11-13T04:00:00.000000000Z, 1.58668, 1.58688, 1.58646, 1.58666, 0, 0
2012-11-13T04:30:00.000000000Z, 1.58668, 1.58672, 1.58580, 1.58604, 0, 0
2012-11-13T05:00:00.000000000Z, 1.58608, 1.58642, 1.58595, 1.58637, 0, 0
2012-11-13T05:30:00.000000000Z, 1.58634, 1.58656, 1.58610, 1.58642, 0, 0
2012-11-13T06:00:00.000000000Z, 1.58645, 1.58719, 1.58645, 1.58676, 0, 0
2012-11-13T06:30:00.000000000Z, 1.58679, 1.58758, 1.58679, 1.58733, 0, 0
2012-11-13T07:00:00.000000000Z, 1.58730, 1.58731, 1.58662, 1.58700, 0, 0
2012-11-13T07:30:00.000000000Z, 1.58702, 1.58784, 1.58662, 1.58734, 0, 0
2012-11-13T08:00:00.000000000Z, 1.58730, 1.58770, 1.58666, 1.58770, 0, 0
2012-11-13T08:30:00.000000000Z, 1.58768, 1.58768, 1.58626, 1.58722, 0, 0
2012-11-13T09:00:00.000000000Z, 1.58718, 1.58882, 1.58672, 1.58861, 0, 0
2012-11-13T09:30:00.000000000Z, 1.58871, 1.59042, 1.58871, 1.58920, 0, 0
2012-11-13T10:00:00.000000000Z, 1.58916, 1.58986, 1.58794, 1.58864, 0, 0
2012-11-13T10:30:00.000000000Z, 1.58868, 1.59004, 1.58868, 1.58972, 0, 0
2012-11-13T11:00:00.000000000Z, 1.58970, 1.59038, 1.58864, 1.59034, 0, 0
2012-11-13T11:30:00.000000000Z, 1.59030, 1.59156, 1.59010, 1.59054, 0, 0
2012-11-13T12:00:00.000000000Z, 1.59058, 1.59140, 1.58888, 1.58966, 0, 0
2012-11-13T12:30:00.000000000Z, 1.58964, 1.58992, 1.58906, 1.58944, 0, 0
2012-11-13T13:00:00.000000000Z, 1.58946, 1.58946, 1.58770, 1.58802, 0, 0
2012-11-13T13:30:00.000000000Z, 1.58804, 1.58822, 1.58696, 1.58808, 0, 0
2012-11-13T14:00:00.000000000Z, 1.58804, 1.58822, 1.58688, 1.58762, 0, 0
2012-11-13T14:30:00.000000000Z, 1.58760, 1.58842, 1.58684, 1.58816, 0, 0
2012-11-13T15:00:00.000000000Z, 1.58820, 1.58912, 1.58776, 1.58854, 0, 0
2012-11-13T15:30:00.000000000Z, 1.58850, 1.58924, 1.58794, 1.58912, 0, 0
2012-11-13T16:00:00.000000000Z, 1.58916, 1.58992, 1.58876, 1.58880, 0, 0
2012-11-13T16:30:00.000000000Z, 1.58884, 1.58918, 1.58797, 1.58845, 0, 0
2012-11-13T17:00:00.000000000Z, 1.58840, 1.58852, 1.58777, 1.58807, 0, 0
2012-11-13T17:30:00.000000000Z, 1.58804, 1.58807, 1.58757, 1.58784, 0, 0
2012-11-13T18:00:00.000000000Z, 1.58780, 1.58797, 1.58728, 1.58743, 0, 0
2012-11-13T18:30:00.000000000Z, 1.58746, 1.58795, 1.58726, 1.58795, 0, 0
2012-11-13T19:00:00.000000000Z, 1.58791, 1.58818, 1.58779, 1.58818, 0, 0
2012-11-13T19:30:00.000000000Z, 1.58814, 1.58814, 1.58732, 1.58736, 0, 0
2012-11-13T20:00:00.000000000Z, 1.58732, 1.58746, 1.58697, 1.58723, 0, 0
2012-11-13T20:30:00.000000000Z, 1.58726, 1.58773, 1.58701, 1.58712, 0, 0
2012-11-13T21:00:00.000000000Z, 1.58709, 1.58753, 1.58701, 1.58716, 0, 0
2012-11-13T21:30:00.000000000Z, 1.58719, 1.58742, 1.58698, 1.58714, 0, 0
2012-11-13T22:00:00.000000000Z, 1.58710, 1.58726, 1.58683, 1.58687, 0, 0
2012-11-13T22:30:00.000000000Z, 1.58691, 1.58719, 1.58671, 1.58716, 0, 0
2012-11-13T23:00:00.000000000Z, 1.58719, 1.58723, 1.58689, 1.58704, 0, 0
2012-11-13T23:30:00.000000000Z, 1.58708, 1.58760, 1.58708, 1.58750, 0, 0
2012-11-14T00:00:00.000000000Z, 1.58746, 1.58817, 1.58746, 1.58810, 0, 0
2012-11-14T00:30:00.000000000Z, 1.58806, 1.58813, 1.58732, 1.58760, 0, 0
2012-11-14T01:00:00.000000000Z, 1.58757, 1.58760, 1.58700, 1.58739, 0, 0
2012-11-14T01:30:00.000000000Z, 1.58736, 1.58785, 1.58722, 1.58771, 0, 0
2012-11-14T02:00:00.000000000Z, 1.58774, 1.58833, 1.58749, 1.58833, 0, 0
2012-11-14T02:30:00.000000000Z, 1.58830, 1.58894, 1.58830, 1.58883, 0, 0
2012-11-14T03:00:00.000000000Z, 1.58880, 1.58887, 1.58838, 1.58838, 0, 0
2012-11-14T03:30:00.000000000Z, 1.58834, 1.58874, 1.58824, 1.58853, 0, 0
2012-11-14T04:00:00.000000000Z, 1.58857, 1.58860, 1.58835, 1.58839, 0, 0
2012-11-14T04:30:00.000000000Z, 1.58842, 1.58923, 1.58842, 1.58895, 0, 0
2012-11-14T05:00:00.000000000Z, 1.58892, 1.58899, 1.58818, 1.58845, 0, 0
2012-11-14T05:30:00.000000000Z, 1.58841, 1.58879, 1.58826, 1.58879, 0, 0
2012-11-14T06:00:00.000000000Z, 1.58875, 1.58934, 1.58875, 1.58920, 0, 0
2012-11-14T06:30:00.000000000Z, 1.58916, 1.58941, 1.58846, 1.58853, 0, 0
2012-11-14T07:00:00.000000000Z, 1.58849, 1.58853, 1.58724, 1.58813, 0, 0
2012-11-14T07:30:00.000000000Z, 1.58817, 1.58944, 1.58803, 1.58908, 0, 0
2012-11-14T08:00:00.000000000Z, 1.58912, 1.58932, 1.58760, 1.58828, 0, 0
2012-11-14T08:30:00.000000000Z, 1.58824, 1.58906, 1.58768, 1.58848, 0, 0
2012-11-14T09:00:00.000000000Z, 1.58844, 1.58937, 1.58828, 1.58937, 0, 0
2012-11-14T09:30:00.000000000Z, 1.58930, 1.59012, 1.58811, 1.58984, 0, 0
2012-11-14T10:00:00.000000000Z, 1.58980, 1.59014, 1.58928, 1.58980, 0, 0
2012-11-14T10:30:00.000000000Z, 1.58976, 1.58976, 1.58590, 1.58709, 0, 0
2012-11-14T11:00:00.000000000Z, 1.58705, 1.58716, 1.58560, 1.58583, 0, 0
2012-11-14T11:30:00.000000000Z, 1.58587, 1.58712, 1.58549, 1.58683, 0, 0
2012-11-14T12:00:00.000000000Z, 1.58679, 1.58717, 1.58642, 1.58668, 0, 0
2012-11-14T12:30:00.000000000Z, 1.58671, 1.58777, 1.58621, 1.58621, 0, 0
2012-11-14T13:00:00.000000000Z, 1.58624, 1.58716, 1.58548, 1.58692, 0, 0
2012-11-14T13:30:00.000000000Z, 1.58696, 1.58760, 1.58597, 1.58642, 0, 0
2012-11-14T14:00:00.000000000Z, 1.58646, 1.58740, 1.58634, 1.58672, 0, 0
2012-11-14T14:30:00.000000000Z, 1.58668, 1.58770, 1.58642, 1.58696, 0, 0
2012-11-14T15:00:00.000000000Z, 1.58700, 1.58794, 1.58650, 1.58680, 0, 0
2012-11-14T15:30:00.000000000Z, 1.58676, 1.58676, 1.58436, 1.58444, 0, 0
2012-11-14T16:00:00.000000000Z, 1.58442, 1.58552, 1.58396, 1.58462, 0, 0
2012-11-14T16:30:00.000000000Z, 1.58458, 1.58512, 1.58440, 1.58474, 0, 0
2012-11-14T17:00:00.000000000Z, 1.58478, 1.58552, 1.58470, 1.58550, 0, 0
2012-11-14T17:30:00.000000000Z, 1.58546, 1.58588, 1.58546, 1.58565, 0, 0
2012-11-14T18:00:00.000000000Z, 1.58561, 1.58594, 1.58553, 1.58575, 0, 0
2012-11-14T18:30:00.000000000Z, 1.58571, 1.58612, 1.58560, 1.58576, 0, 0
2012-11-14T19:00:00.000000000Z, 1.58569, 1.58747, 1.58520, 1.58612, 0, 0
2012-11-14T19:30:00.000000000Z, 1.58610, 1.58612, 1.58538, 1.58542, 0, 0
2012-11-14T20:00:00.000000000Z, 1.58538, 1.58552, 1.58438, 1.58528, 0, 0
2012-11-14T20:30:00.000000000Z, 1.58524, 1.58542, 1.58402, 1.58418, 0, 0
2012-11-14T21:00:00.000000000Z, 1.58416, 1.58456, 1.58400, 1.58400, 0, 0
2012-11-14T21:30:00.000000000Z, 1.58402, 1.58440, 1.58388, 1.58408, 0, 0
2012-11-14T22:00:00.000000000Z, 1.58404, 1.58429, 1.58396, 1.58421, 0, 0
2012-11-14T22:30:00.000000000Z, 1.58418, 1.58425, 1.58407, 1.58421, 0, 0
2012-11-14T23:00:00.000000000Z, 1.58425, 1.58479, 1.58425, 1.58448, 0, 0
2012-11-14T23:30:00.000000000Z, 1.58452, 1.58468, 1.58388, 1.58392, 0, 0
2012-11-15T00:00:00.000000000Z, 1.58388, 1.58422, 1.58377, 1.58390, 0, 0
2012-11-15T00:30:00.000000000Z, 1.58394, 1.58432, 1.58370, 1.58432, 0, 0
2012-11-15T01:00:00.000000000Z, 1.58428, 1.58472, 1.58387, 1.58472, 0, 0
2012-11-15T01:30:00.000000000Z, 1.58468, 1.58513, 1.58451, 1.58502, 0, 0
2012-11-15T02:00:00.000000000Z, 1.58499, 1.58512, 1.58459, 1.58501, 0, 0
2012-11-15T02:30:00.000000000Z, 1.58505, 1.58554, 1.58505, 1.58547, 0, 0
2012-11-15T03:00:00.000000000Z, 1.58543, 1.58550, 1.58486, 1.58515, 0, 0
2012-11-15T03:30:00.000000000Z, 1.58519, 1.58548, 1.58487, 1.58537, 0, 0
2012-11-15T04:00:00.000000000Z, 1.58541, 1.58546, 1.58499, 1.58513, 0, 0
2012-11-15T04:30:00.000000000Z, 1.58509, 1.58509, 1.58464, 1.58467, 0, 0
2012-11-15T05:00:00.000000000Z, 1.58464, 1.58483, 1.58448, 1.58464, 0, 0
2012-11-15T05:30:00.000000000Z, 1.58460, 1.58544, 1.58445, 1.58519, 0, 0
2012-11-15T06:00:00.000000000Z, 1.58515, 1.58555, 1.58462, 1.58491, 0, 0
2012-11-15T06:30:00.000000000Z, 1.58494, 1.58519, 1.58454, 1.58454, 0, 0
2012-11-15T07:00:00.000000000Z, 1.58458, 1.58501, 1.58452, 1.58473, 0, 0
2012-11-15T07:30:00.000000000Z, 1.58476, 1.58554, 1.58452, 1.58452, 0, 0
2012-11-15T08:00:00.000000000Z, 1.58448, 1.58560, 1.58400, 1.58479, 0, 0
2012-11-15T08:30:00.000000000Z, 1.58482, 1.58544, 1.58459, 1.58491, 0, 0
2012-11-15T09:00:00.000000000Z, 1.58487, 1.58505, 1.58398, 1.58415, 0, 0
2012-11-15T09:30:00.000000000Z, 1.58420, 1.58540, 1.58281, 1.58468, 0, 0
2012-11-15T10:00:00.000000000Z, 1.58472, 1.58520, 1.58408, 1.58450, 0, 0
2012-11-15T10:30:00.000000000Z, 1.58448, 1.58574, 1.58440, 1.58516, 0, 0
2012-11-15T11:00:00.000000000Z, 1.58520, 1.58564, 1.58448, 1.58482, 0, 0
2012-11-15T11:30:00.000000000Z, 1.58484, 1.58538, 1.58446, 1.58486, 0, 0
2012-11-15T12:00:00.000000000Z, 1.58490, 1.58492, 1.58340, 1.58384, 0, 0
2012-11-15T12:30:00.000000000Z, 1.58380, 1.58452, 1.58334, 1.58336, 0, 0
2012-11-15T13:00:00.000000000Z, 1.58340, 1.58420, 1.58336, 1.58389, 0, 0
2012-11-15T13:30:00.000000000Z, 1.58382, 1.58390, 1.58306, 1.58332, 0, 0
2012-11-15T14:00:00.000000000Z, 1.58328, 1.58600, 1.58314, 1.58458, 0, 0
2012-11-15T14:30:00.000000000Z, 1.58462, 1.58634, 1.58450, 1.58523, 0, 0
2012-11-15T15:00:00.000000000Z, 1.58517, 1.58794, 1.58500, 1.58750, 0, 0
2012-11-15T15:30:00.000000000Z, 1.58754, 1.58790, 1.58714, 1.58728, 0, 0
2012-11-15T16:00:00.000000000Z, 1.58732, 1.58756, 1.58648, 1.58648, 0, 0
2012-11-15T16:30:00.000000000Z, 1.58644, 1.58662, 1.58532, 1.58638, 0, 0
2012-11-15T17:00:00.000000000Z, 1.58634, 1.58674, 1.58550, 1.58600, 0, 0
2012-11-15T17:30:00.000000000Z, 1.58604, 1.58652, 1.58560, 1.58586, 0, 0
2012-11-15T18:00:00.000000000Z, 1.58590, 1.58600, 1.58516, 1.58556, 0, 0
2012-11-15T18:30:00.000000000Z, 1.58560, 1.58643, 1.58556, 1.58583, 0, 0
2012-11-15T19:00:00.000000000Z, 1.58579, 1.58583, 1.58510, 1.58563, 0, 0
2012-11-15T19:30:00.000000000Z, 1.58560, 1.58570, 1.58488, 1.58506, 0, 0
2012-11-15T20:00:00.000000000Z, 1.58502, 1.58509, 1.58427, 1.58445, 0, 0
2012-11-15T20:30:00.000000000Z, 1.58441, 1.58590, 1.58431, 1.58560, 0, 0
2012-11-15T21:00:00.000000000Z, 1.58563, 1.58620, 1.58553, 1.58597, 0, 0
2012-11-15T21:30:00.000000000Z, 1.58601, 1.58670, 1.58563, 1.58670, 0, 0
2012-11-15T22:00:00.000000000Z, 1.58664, 1.58682, 1.58614, 1.58628, 0, 0
2012-11-15T22:30:00.000000000Z, 1.58631, 1.58673, 1.58617, 1.58617, 0, 0
2012-11-15T23:00:00.000000000Z, 1.58621, 1.58635, 1.58587, 1.58590, 0, 0
2012-11-15T23:30:00.000000000Z, 1.58594, 1.58655, 1.58594, 1.58655, 0, 0
2012-11-16T00:00:00.000000000Z, 1.58651, 1.58661, 1.58621, 1.58645, 0, 0
2012-11-16T00:30:00.000000000Z, 1.58649, 1.58652, 1.58572, 1.58621, 0, 0
2012-11-16T01:00:00.000000000Z, 1.58624, 1.58645, 1.58610, 1.58610, 0, 0
2012-11-16T01:30:00.000000000Z, 1.58607, 1.58663, 1.58607, 1.58634, 0, 0
2012-11-16T02:00:00.000000000Z, 1.58637, 1.58651, 1.58609, 1.58609, 0, 0
2012-11-16T02:30:00.000000000Z, 1.58612, 1.58620, 1.58573, 1.58608, 0, 0
2012-11-16T03:00:00.000000000Z, 1.58604, 1.58646, 1.58580, 1.58633, 0, 0
2012-11-16T03:30:00.000000000Z, 1.58629, 1.58636, 1.58594, 1.58618, 0, 0
2012-11-16T04:00:00.000000000Z, 1.58615, 1.58624, 1.58601, 1.58617, 0, 0
2012-11-16T04:30:00.000000000Z, 1.58614, 1.58614, 1.58584, 1.58602, 0, 0
2012-11-16T05:00:00.000000000Z, 1.58605, 1.58630, 1.58595, 1.58606, 0, 0
2012-11-16T05:30:00.000000000Z, 1.58609, 1.58612, 1.58584, 1.58584, 0, 0
2012-11-16T06:00:00.000000000Z, 1.58588, 1.58641, 1.58581, 1.58581, 0, 0
2012-11-16T06:30:00.000000000Z, 1.58577, 1.58593, 1.58500, 1.58578, 0, 0
2012-11-16T07:00:00.000000000Z, 1.58575, 1.58690, 1.58561, 1.58676, 0, 0
2012-11-16T07:30:00.000000000Z, 1.58680, 1.58900, 1.58680, 1.58832, 0, 0
2012-11-16T08:00:00.000000000Z, 1.58828, 1.58836, 1.58742, 1.58800, 0, 0
2012-11-16T08:30:00.000000000Z, 1.58796, 1.58936, 1.58786, 1.58850, 0, 0
2012-11-16T09:00:00.000000000Z, 1.58848, 1.58864, 1.58678, 1.58684, 0, 0
2012-11-16T09:30:00.000000000Z, 1.58688, 1.58712, 1.58640, 1.58686, 0, 0
2012-11-16T10:00:00.000000000Z, 1.58682, 1.58694, 1.58572, 1.58680, 0, 0
2012-11-16T10:30:00.000000000Z, 1.58682, 1.58720, 1.58530, 1.58530, 0, 0
2012-11-16T11:00:00.000000000Z, 1.58526, 1.58572, 1.58468, 1.58472, 0, 0
2012-11-16T11:30:00.000000000Z, 1.58468, 1.58600, 1.58458, 1.58598, 0, 0
2012-11-16T12:00:00.000000000Z, 1.58594, 1.58672, 1.58562, 1.58620, 0, 0
2012-11-16T12:30:00.000000000Z, 1.58618, 1.58694, 1.58588, 1.58688, 0, 0
2012-11-16T13:00:00.000000000Z, 1.58684, 1.58864, 1.58672, 1.58850, 0, 0
2012-11-16T13:30:00.000000000Z, 1.58848, 1.58886, 1.58731, 1.58731, 0, 0
2012-11-16T14:00:00.000000000Z, 1.58735, 1.58794, 1.58710, 1.58736, 0, 0
2012-11-16T14:30:00.000000000Z, 1.58732, 1.58800, 1.58584, 1.58686, 0, 0
2012-11-16T15:00:00.000000000Z, 1.58682, 1.58718, 1.58366, 1.58438, 0, 0
2012-11-16T15:30:00.000000000Z, 1.58441, 1.58513, 1.58373, 1.58457, 0, 0
2012-11-16T16:00:00.000000000Z, 1.58461, 1.58641, 1.58362, 1.58397, 0, 0
2012-11-16T16:30:00.000000000Z, 1.58393, 1.58665, 1.58393, 1.58644, 0, 0
2012-11-16T17:00:00.000000000Z, 1.58648, 1.58716, 1.58567, 1.58604, 0, 0
2012-11-16T17:30:00.000000000Z, 1.58601, 1.58777, 1.58594, 1.58709, 0, 0
2012-11-16T18:00:00.000000000Z, 1.58705, 1.58787, 1.58679, 1.58787, 0, 0
2012-11-16T18:30:00.000000000Z, 1.58791, 1.58852, 1.58774, 1.58827, 0, 0
2012-11-16T19:00:00.000000000Z, 1.58823, 1.58834, 1.58789, 1.58800, 0, 0
2012-11-16T19:30:00.000000000Z, 1.58804, 1.58875, 1.58762, 1.58823, 0, 0
2012-11-16T20:00:00.000000000Z, 1.58827, 1.58845, 1.58791, 1.58831, 0, 0
2012-11-16T20:30:00.000000000Z, 1.58834, 1.59016, 1.58834, 1.58899, 0, 0
2012-11-16T21:00:00.000000000Z, 1.58895, 1.58923, 1.58859, 1.58895, 0, 0
2012-11-16T21:30:00.000000000Z, 1.58899, 1.58899, 1.58795, 1.58795, 0, 0
2012-11-18T20:00:00.000000000Z, 1.58911, 1.58919, 1.58904, 1.58919, 0, 0
2012-11-18T20:30:00.000000000Z, 1.58912, 1.58912, 1.58905, 1.58905, 0, 0
2012-11-18T21:00:00.000000000Z, 1.58912, 1.58912, 1.58858, 1.58889, 0, 0
2012-11-18T21:30:00.000000000Z, 1.58883, 1.58891, 1.58864, 1.58872, 0, 0
2012-11-18T22:00:00.000000000Z, 1.58865, 1.58890, 1.58827, 1.58890, 0, 0
2012-11-18T22:30:00.000000000Z, 1.58892, 1.58914, 1.58876, 1.58906, 0, 0
2012-11-18T23:00:00.000000000Z, 1.58910, 1.58956, 1.58884, 1.58956, 0, 0
2012-11-18T23:30:00.000000000Z, 1.58960, 1.59069, 1.58960, 1.58976, 0, 0
2012-11-19T00:00:00.000000000Z, 1.58981, 1.59018, 1.58892, 1.58923, 0, 0
2012-11-19T00:30:00.000000000Z, 1.58927, 1.58960, 1.58880, 1.58934, 0, 0
2012-11-19T01:00:00.000000000Z, 1.58930, 1.59051, 1.58920, 1.59034, 0, 0
2012-11-19T01:30:00.000000000Z, 1.59030, 1.59158, 1.59023, 1.59109, 0, 0
2012-11-19T02:00:00.000000000Z, 1.59112, 1.59176, 1.59091, 1.59151, 0, 0
2012-11-19T02:30:00.000000000Z, 1.59154, 1.59183, 1.59150, 1.59167, 0, 0
2012-11-19T03:00:00.000000000Z, 1.59164, 1.59235, 1.59146, 1.59193, 0, 0
2012-11-19T03:30:00.000000000Z, 1.59190, 1.59200, 1.59176, 1.59186, 0, 0
2012-11-19T04:00:00.000000000Z, 1.59190, 1.59193, 1.59158, 1.59165, 0, 0
2012-11-19T04:30:00.000000000Z, 1.59169, 1.59190, 1.59169, 1.59183, 0, 0
2012-11-19T05:00:00.000000000Z, 1.59186, 1.59190, 1.59171, 1.59171, 0, 0
2012-11-19T05:30:00.000000000Z, 1.59175, 1.59191, 1.59109, 1.59116, 0, 0
2012-11-19T06:00:00.000000000Z, 1.59119, 1.59184, 1.59112, 1.59184, 0, 0
